delay,delay_avg
0.11780925021458226,0.11780925021458226
0.2484270934590816,0.1242135467295408
0.2907228617250079,0.09690762057500263
0.4250879507730191,0.10627198769325477
0.5097406484177873,0.10194812968355746
0.6246125201827415,0.10410208669712358
0.8318329752751177,0.11883328218215967
1.1539849047041109,0.14424811308801386
1.2699803864071502,0.14110893182301668
1.3977776287370207,0.13977776287370208
1.480336978235271,0.1345760889304792
1.6431134807523513,0.13692612339602928
1.8116651718865304,0.13935885937588696
2.217827164887759,0.15841622606341138
2.4578114953144556,0.16385409968763037
2.6668844565890963,0.16668027853681852
2.8252210875422983,0.16618947573778226
3.356845497841882,0.1864914165467712
3.4742542094110096,0.18285548470584262
3.672384253703183,0.18361921268515916
3.8834444995904436,0.18492592855192588
4.454653617512339,0.20248425534146994
4.750144089440352,0.20652800388871095
5.081697711923781,0.2117374046634909
5.4193507698859325,0.2167740307954373
6.030137507144247,0.23192836565939412
6.409112169108733,0.2373745247818049
6.761801333886295,0.2414929047816534
7.185073798285632,0.24776116545812527
7.638869346171591,0.25462897820571967
8.139115205324284,0.2625521033975576
8.57420020121347,0.26794375628792094
9.191824138287094,0.2785401254026392
9.851655883891754,0.2897545848203457
10.382266949442924,0.2966361985555121
11.069615402322565,0.30748931673118235
11.59243752685703,0.31330912234748726
12.16634203368705,0.32016689562334344
12.935245972535142,0.33167297365474724
13.826396696208477,0.3456599174052119
14.562198963191484,0.355175584468085
15.570149968749105,0.3707178563987882
16.420826754631424,0.3818796919681727
16.702953967791302,0.37961259017707505
17.321292222431403,0.38491760494292004
18.252706303647063,0.3967979631227622
18.408632510325802,0.39167303213459154
19.49502604693409,0.4061463759777935
19.7667246472079,0.4034025438205694
20.897830230019572,0.41795660460039147
21.905502887673936,0.4295196644641948
22.56426318426547,0.43392813815895137
23.779269885795987,0.4486654695433205
24.148607800894894,0.44719644075731285
24.748984339900336,0.4499815334527334
24.87929162141636,0.4442730646681493
25.971666616620066,0.45564327397579063
26.429227029448434,0.45567632809393854
27.019552846902574,0.4579585228288572
27.368303199576133,0.4561383866596022
28.07099734634393,0.46018028436629393
28.7604780565647,0.4638786783316887
30.064583235244914,0.47721560690864945
31.244049549546908,0.48818827421167044
32.538299883973544,0.5005892289842083
33.31638346730028,0.5047936888984891
34.745895255060745,0.5185954515680709
34.92205629139277,0.5135596513440114
36.35623393758714,0.5269019411244513
37.90745712693534,0.5415351018133621
39.44911085063585,0.5556212795864204
41.124314101480245,0.5711710291872256
41.75917316624046,0.5720434680306912
42.58454796104509,0.5754668643384472
44.22475867065984,0.5896634489421312
45.1803230103428,0.5944779343466159
46.898946372340674,0.6090772256148139
48.65634400372842,0.6237992820990823
50.531013188357875,0.639633078333644
51.564239165585384,0.6445529895698173
53.57229896759044,0.6613864070072895
54.48171797216115,0.664411194782453
54.64976045825833,0.6584308488946786
55.72672867968235,0.6634134366628851
55.87977742813456,0.6574091462133478
56.92509227029328,0.6619196775615497
56.968080591356184,0.6548055240385768
57.72657950309952,0.6559838579897673
57.85369507956671,0.6500415177479406
58.939146688032984,0.6548794076448109
60.06852662628576,0.6600936991899534
60.14301885417078,0.6537284658062041
61.31248792783106,0.6592740637401189
61.440340384569595,0.6536206423890383
61.637494555577334,0.6488157321639719
61.80282262183335,0.643779402310764
63.08358053253545,0.6503461910570665
63.32172252871927,0.6461400258032579
63.52858490868754,0.6417028778655307
63.693997632189514,0.6369399763218951
65.01193256747344,0.6436825006680539
65.14637765405753,0.6386899770005641
65.36257605781071,0.6345881170661234
66.25285808767214,0.6370467123814628
67.65632085695782,0.6443459129234078
68.62777187077992,0.6474318101016974
68.95282513357884,0.6444189264820452
70.01460848740302,0.6482834119203984
71.45780581948654,0.6555762001787756
72.60699778719172,0.6600636162471974
72.98015620721847,0.6574788847497159
73.23641848998538,0.6538965936605837
74.50330597489399,0.6593212918132212
74.91507578764346,0.6571497876109076
76.27211486991051,0.6632357814774827
76.68489256381675,0.661076660032903
78.07936982378997,0.6673450412289741
79.60406096755348,0.6746106861657074
80.0994392891847,0.6731045318418882
81.62024005290844,0.6801686671075704
82.07375672198327,0.6782955100990353
83.71061308475882,0.686152566268515
84.28809777481268,0.6852690876001031
85.85166046631923,0.6923521005348325
87.5052537131927,0.7000420297055416
89.22653072071492,0.7081470692120232
89.80190819370796,0.7071016393205352
91.56400262439202,0.7153437705030626
93.36556109750083,0.7237640395155103
93.74686749618112,0.7211297499706241
94.44441660722664,0.7209497450933332
96.2874036710609,0.7294500278110674
96.49465827364841,0.7255237464184091
98.27479597052209,0.7333939997800156
98.48185234679653,0.7294952025688631
100.30004799839583,0.7375003529293811
102.1859514423381,0.7458828572433438
102.96085251607603,0.746093134174464
104.8222368758627,0.7541168120565662
105.2451787043748,0.75175127645982
105.90240068721558,0.7510808559376991
107.84040973371614,0.7594395051670151
109.81244461323533,0.7679191930995477
110.3563150167875,0.766363298727691
110.94311972130683,0.7651249635952195
111.22622206865417,0.7618234388263984
112.07684877498947,0.7624275426870032
112.15895753264316,0.7578307941394808
114.13786248859438,0.7660259227422441
116.20027116024688,0.7746684744016459
118.34045246432909,0.7837116057240338
119.23142390218061,0.7844172625143461
121.45055405283443,0.7937944709335584
122.15806104409184,0.793234162623973
124.21503951527677,0.801387351711463
126.36205289628123,0.8100131595915463
128.66354372949323,0.8195130173853071
131.05155511320032,0.8294402222354451
131.79623897004325,0.8289071633336054
132.49764185843551,0.8281102616152219
134.68699712826225,0.8365651995544239
135.47010523912974,0.8362352175254922
137.7479267086364,0.8450793049609596
140.1608364188415,0.8546392464563507
142.7075911568596,0.8648944918597551
143.61319524942107,0.8651397304181992
146.29069826573019,0.8759922051840131
147.31549311951215,0.8768779352351914
147.43657324985926,0.8724057588749069
148.47016292663008,0.8733538995684123
148.53666938725974,0.8686354934927469
150.2998202729419,0.8738361643775692
150.33813348270385,0.8690065519231437
150.37575180948332,0.8642284586751915
151.83801686762712,0.867645810672155
151.9584882021586,0.8634005011486284
153.7987269419953,0.8689193612542108
155.67872889549818,0.8745996005365066
155.7612685233028,0.8701746844877251
157.26274181211326,0.8736818989561848
159.18291912333947,0.8794636415654115
159.37836539024252,0.8757053043419919
159.488710975371,0.871523010794377
159.72520568525718,0.8680717700285716
161.68644475588815,0.8739807824642603
161.87352586217557,0.8702877734525568
162.15451872199773,0.8671364637539986
162.352250291265,0.8635757994216223
164.4450462115307,0.8700796095848184
164.6125746442056,0.8663819718116085
164.82106508561412,0.8629375135372467
166.36482211830645,0.8664834485328461
168.49632732860485,0.8730379654331858
170.17021967404574,0.8771660807940502
170.56449821129408,0.8746897344168927
172.27688033084578,0.8789636751573765
174.52680362459284,0.8859228610385423
176.28312705951436,0.8903188235329008
176.50771190292278,0.8869734266478532
176.76051491794487,0.8838025745897243
179.09367254213038,0.8910132962295043
179.6096350229535,0.8891566090245223
181.48307757506487,0.8940053082515511
181.82290958756974,0.8912887724880869
183.81963313922716,0.8966811372645227
185.85784054989915,0.902222526941258
186.50730720498035,0.9010014840820306
188.97121465990068,0.9085154550956763
189.35270718588728,0.905993814286542
191.52015313750445,0.9120007292262117
192.28196158138627,0.9112889174473283
194.82735113077482,0.9189969392961076
197.44858622689424,0.9269886677318978
199.6907487507434,0.9331343399567449
200.18927957688814,0.931112928264596
202.4740482352948,0.9373798529411795
204.83704162345953,0.9439495005689379
205.13085461467443,0.9409672230030938
205.97847386143215,0.9405409765362198
208.45844440793482,0.947538383672431
208.61779991744567,0.9439719453278085
211.3630812173466,0.9520859514294892
211.6798737347732,0.9492371019496556
214.49977343672862,0.9575882742711099
217.11319688002905,0.964947541689018
218.08876291037578,0.9649945261521052
220.98389359428654,0.9734973286091918
221.3221121629282,0.970711018258457
221.86100738189484,0.9688253597462657
224.7989847991201,0.977386890430957
227.49729585861348,0.9848367786087164
227.62148820322926,0.9811271043242641
230.45013104961154,0.989056356436101
230.92311321737543,0.986850911185365
231.2821933650117,0.9841795462340923
232.37309142359018,0.9846317433202973
232.62437895310663,0.9815374639371588
235.6043144146662,0.9899340941792697
238.5206819295648,0.9979944850609406
239.69697432992535,0.9987373930413557
242.70299177570854,1.007066355915803
243.21384683937484,1.0050158960304745
246.2731512634405,1.0134697582857635
249.4557725938129,1.0223597237451347
252.5027592017899,1.0306235069460812
255.5938182765697,1.0389992612868686
256.237300693154,1.0373979785147935
256.8601176530682,1.0357262808591459
260.0861854951363,1.0445228333138004
260.7902367593366,1.0431609470373464
264.1055071353096,1.052213175837887
267.5408610060347,1.0616700833572805
271.0646045930276,1.0714015991819272
271.90191332812645,1.0704799737327813
275.5548601111931,1.0806072945536984
276.81367719510416,1.0813034265433756
276.90092318095463,1.0774354987585784
277.81731841420327,1.0768113116829585
278.19121428968015,1.0740973524698074
280.88752836394224,1.080336647553624
280.97520340396244,1.076533346375335
281.0131772526802,1.0725693788270236
283.1465400245542,1.0766028137815749
283.26271807968595,1.0729648412109316
286.0475722991284,1.0794248011287864
288.9218607065048,1.0861724086710707
289.0371301652138,1.0825360680345086
289.2132395884342,1.0791538790613215
292.1667338384805,1.086121687131898
292.6215641174252,1.0837835708052785
292.66238220315444,1.0799349896795367
293.1562232369402,1.0777802324887507
296.1515876681767,1.0848043504328817
296.3134196841358,1.0814358382632694
296.84816872594325,1.0794478862761572
297.00181239220603,1.0760935231601667
300.1282110036283,1.0834953465834956
300.389875393166,1.0805391201193022
300.7384405847501,1.077915557651434
303.00367739893346,1.0821559907104767
306.2067439076622,1.0897037149738869
308.59343522285906,1.094302961783188
309.2456940345663,1.0927409683200224
311.67276684361997,1.0974393198719012
314.9535362413596,1.1051001271626653
315.22823485574713,1.1021966253697453
315.7072695018453,1.1000253292747224
318.2154591262015,1.104914788632644
318.91241588900675,1.1035031691661132
319.14362984472285,1.1004952753266306
321.69113516515216,1.105467818436949
322.05254714977957,1.102919682019793
324.73388053602787,1.1083067595086276
327.45992438070107,1.113809266601024
328.2344994886926,1.112659320300653
331.59034277955016,1.1202376445255073
331.9927916142214,1.1178208471859306
334.83355087062614,1.1236025197000876
335.6452878896526,1.1225594912697412
339.13428848016,1.1304476282672
342.7486528254001,1.1386998432737545
345.67787528287545,1.1446287261022365
346.15767556893934,1.1424345728347833
349.21181491415695,1.1487230753755162
352.3470176455439,1.1552361234280126
352.86479371950816,1.1531529206519875
353.80722116733125,1.1524665184603624
356.9869158786397,1.1590484281774016
357.96856233009925,1.158474311747894
359.0816100687677,1.1583277744153797
362.8173473174979,1.1666152646864882
363.046525141673,1.1636106575053622
366.8205874597576,1.1719507586573725
370.7271996072,1.1806598713605096
371.95577471912696,1.1808119832353237
375.9813588528635,1.189814426749568
376.615808954826,1.1880624888164857
377.1758374678188,1.1860875392069774
381.2410113825594,1.1951128883465811
384.5546336463882,1.201733230144963
384.6808047670743,1.1983825693678327
388.07135059569544,1.2051905298002963
388.832291720637,1.2038151446459349
389.09934832321034,1.2009239145778097
390.4519495776685,1.2013906140851338
390.6213318491525,1.1982249443225537
394.7279702965067,1.207119175218675
398.24398269421425,1.214158483823824
401.8451857197342,1.2214139383578548
403.32828751088715,1.2222069318511732
406.96695043593223,1.2295074031297046
407.77232987223954,1.2282299092537337
411.9599521667583,1.2371169734737486
415.6402037111004,1.244431747638025
419.35939783644613,1.2518190980192423
420.20568750985734,1.2506121652079087
424.00575485373287,1.2581773141060322
424.92989534256634,1.2571890394750485
425.614294460539,1.2554993936889056
429.89161220682746,1.2643870947259632
430.6650397612191,1.2629473306780619
434.9825221394374,1.2718787197059573
439.4161301676037,1.2810965894099233
443.9728584107308,1.2906187744497988
448.5710896103935,1.3002060568417204
453.24475835662224,1.3099559490075787
454.09818058245753,1.30864028986299
458.81304702871427,1.3184282960595237
460.3826967978251,1.3191481283605304
465.22731225351026,1.3292208921528865
466.2016941674632,1.3282099548930575
470.1264602203806,1.3355865347169902
470.77137443171586,1.333629955897212
474.7066434253263,1.340979218715611
474.8282780383152,1.3375444451783527
474.94901693083904,1.3341264520529186
477.91797802902147,1.338705820809584
477.95840545187656,1.3350793448376441
481.97637285155014,1.3425525706171313
486.0329125114835,1.3500914236430097
486.15770219217114,1.3466972359893938
486.3221389286681,1.3434313230073704
490.51261492625696,1.3512744212844545
491.28789189591754,1.34969201070307
491.4501027423099,1.3464386376501642
492.3010453322949,1.3450848233122812
496.5293575491413,1.3529410287442543
496.574312873383,1.3493867197646277
497.5131718818054,1.348274178541478
501.78105215453655,1.3561650058230719
502.0741440413359,1.3532995796262424
502.4798400628804,1.3507522582335494
505.48922492789495,1.3551989944447587
509.8797841178273,1.3633149307963297
512.9697181304826,1.3679192483479536
513.951616706253,1.3668925976230135
517.163767581205,1.3717871819130105
520.4144270209129,1.3767577434415683
520.5030257109538,1.3733589068890601
520.9909220804691,1.371028742317024
524.3676771153212,1.3762931157882445
525.4366346809055,1.3754885724631034
525.6821248013265,1.3725381848598603
529.1417067486078,1.3779731946578329
529.2733847591106,1.3747360643093782
532.770059227245,1.3802333140602203
536.3504074818019,1.3859183655860514
537.4646652629158,1.3852182094405046
541.9305417580873,1.3931376394809443
542.1774367308789,1.3901985557202021
546.6820137944645,1.3981637181444106
547.8795430175687,1.3976518954529815
552.5076549530289,1.4058718955547809
557.2609187926159,1.4143678141944567
560.8839963384095,1.4199594844010366
561.2073390203892,1.417190250051488
564.9556670099458,1.4230621335263118
568.7439457850492,1.4290048889071587
569.3560810135149,1.4269575965251
570.5973941742639,1.4264934854356597
574.4238340239401,1.4324783890871324
575.7417392004797,1.4321933810957208
577.0993066502829,1.4320082050875504
581.9360311587179,1.440435720689896
582.0917105944404,1.4372634829492357
586.9714035461375,1.4457423732663486
591.9384134293737,1.4543941361901074
593.4165947078094,1.4544524380093367
598.4989941032294,1.463322723968776
599.1541974264428,1.4613517010401045
599.515444682457,1.4586750478891897
604.6410624867383,1.4675753943852872
608.5543995114795,1.473497335378885
608.8489979708909,1.4706497535528764
612.8467310503339,1.47673911096466
613.6253305520459,1.4750608907501102
613.8200302899885,1.471990480311723
615.3413289505702,1.472108442465479
615.7201186531466,1.4694990898643119
619.8486223715194,1.4758300532655222
625.0900234518683,1.4847744024984997
629.3477558223912,1.4913453929440548
633.7351385640413,1.498191816936268
635.2940467014336,1.4983350158052677
639.7934036853908,1.5053962439656254
640.70102695575,1.5039930210228873
645.9876761532165,1.5128517005930129
646.9707406019658,1.511613879911135
651.5090689196842,1.5186691583209422
656.1316405199609,1.5258875360929323
657.2469310634399,1.5249348748571692
661.9496109447737,1.532290766075865
663.1904453392389,1.531617656672607
663.5927521224628,1.529015557885859
668.9640256261196,1.5378483347726886
669.4792748441015,1.5355029239543612
674.9800107195008,1.5445766835686516
680.5223605150755,1.5537040194408118
686.1791149558577,1.5630503757536622
691.9571502113556,1.57262988684399
697.8630838318903,1.5824559724079146
698.4603360387573,1.580227004612573
704.4092737211862,1.590088653998163
706.0838453304448,1.5902789309244252
707.368529220987,1.5895922004966
708.083730520521,1.5876316827814374
712.8686766454489,1.5947845115110713
713.6305177513029,1.5929252628377297
718.6245481023316,1.6005001071321416
718.9532293478823,1.597673842995294
718.9951009605969,1.594224170644339
722.8687960897449,1.5992672479861614
722.9893534978062,1.5960029878538768
728.0702320528624,1.603678925226569
733.1893058968992,1.611405067905273
733.3200918472519,1.608158096156254
733.7382164104384,1.6055540840490994
738.9340335945124,1.6133930864509003
739.739604767664,1.611633125855477
739.8254383965802,1.6083161704273483
740.6700885994975,1.6066596281984762
745.9535607704267,1.6146180969056856
746.0859693249067,1.6114167803993666
747.0539626092483,1.6100300918302766
747.2158221243137,1.6069157465039006
752.5418416679654,1.6148966559398399
752.9972433641864,1.612413797353718
753.4898573514976,1.6100210627168752
757.4049899028508,1.614936012586036
762.8194330037632,1.6230200702207727
766.8677153086317,1.62816924693977
767.9513758594092,1.627015626820782
772.1149974937373,1.6323784302193178
777.6498769541649,1.6406115547556221
781.9371144745077,1.6461833988937002
782.1983711487222,1.643273888967904
782.7770318961896,1.641041995589496
787.1996742930165,1.6468612432908296
787.5777110685705,1.644212340435429
787.7838815432108,1.6412164198816892
792.3292556056953,1.6472541696584102
792.7499678690621,1.6447094769067678
797.3382544920132,1.6508038395279776
802.0123393124035,1.6570502878355444
803.1743276781519,1.656029541604437
808.8441612191974,1.664288397570365
809.3825108512804,1.6619764083188509
815.1639146182912,1.6704178578243671
816.366423066353,1.6694609878657527
822.2621112156196,1.6780859412563665
827.0676449606522,1.6844554887182326
827.7354381314472,1.6823891018931854
832.6161638555815,1.6888766001127413
833.325289904789,1.6868932994024068
834.5671097608947,1.6859941611331206
839.5320355955862,1.692604910474972
840.8632476162272,1.691877761803274
842.3177280442598,1.6914010603298388
848.254618242001,1.6999090545931883
848.45447949725,1.6969089589945
854.4366332014895,1.7054623417195398
860.5066428246316,1.7141566590132105
862.0056592369077,1.7137289448049855
868.2000711869067,1.72261918886291
868.948239412016,1.7206895829940911
869.1210523265257,1.7176305381947148
875.3571894476011,1.7265427799755444
880.3986110413096,1.733068131971082
880.7028757119575,1.7302610524792879
885.8681635696929,1.7369963991562607
886.6598996011631,1.7351465745619632
886.9803617949007,1.7323835191306654
888.5615949384699,1.7320888790223583
888.9030925582213,1.7293834485568507
894.1968450325899,1.7363045534613395
900.5516850646768,1.7452552036137148
905.9719032467322,1.7523634492199849
911.4711433865544,1.7595968019045454
913.1794970536753,1.7594980675408
918.8003428000999,1.7669237361540382
919.7222404780225,1.7653018051401583
926.1517535626836,1.7742370757905814
927.1134927330133,1.7726835425105418
932.7769646623968,1.7801087111877802
938.4806681423827,1.78758222503311
939.5281807920818,1.786175248654148
945.3068296024977,1.7937510998149861
946.441644671203,1.7925031149075814
952.9101340181512,1.8013424083518927
959.423921750143,1.8102338146229113
959.8891878277896,1.8077009186964021
966.4806678653914,1.8166929847093825
973.1565919654527,1.8258097410233634
979.871204217571,1.8349648019055635
986.6306380414902,1.8441694168999818
993.475808033257,1.8534996418530914
994.2685363518563,1.85152427626044
1001.2009152489641,1.8609682439571822
1003.0299841556706,1.8609090615133035
1004.2490131154385,1.8597203946582195
1005.1290044434327,1.8579094352004302
1010.9926672915369,1.8653001241541272
1011.864201675045,1.8634699846685912
1017.8841493007708,1.8711105685675933
1018.1404612774896,1.8681476353715407
1018.2531809591356,1.8649325658592228
1023.2352047463661,1.8706310872876895
1023.321981040882,1.8673758778118283
1029.4764277053437,1.8751847499186587
1035.6688269671713,1.8830342308494024
1035.713449017003,1.8796977296134356
1036.0600091958947,1.876920306514302
1042.294174745746,1.8847995926686183
1043.28264287019,1.8831816658306682
1043.4792351582944,1.8801427660509809
1044.5518797597947,1.8786904312226524
1050.8708928174244,1.8866622851300259
1050.9121997321465,1.8833551966525923
1052.0280572302674,1.8819822132920705
1052.2052461524681,1.8789379395579788
1058.603134529764,1.8869931096787238
1059.0640307691176,1.8844555707635544
1059.6387051547217,1.8821291388183334
1064.7039623856647,1.887772982953306
1071.1781693310616,1.8958905651877196
1077.7640147124034,1.9041767044388753
1078.9594638286947,1.9029267439659519
1084.1534129861438,1.9087207975108167
1090.7830390939628,1.9170176433988801
1096.0634641722168,1.9229183581968714
1102.810331353392,1.9313666048220526
1103.4969550206538,1.9291904808053388
1108.899375835731,1.9352519648093036
1108.9840370931101,1.932027939186603
1109.1068671390103,1.928881508067844
1114.5976269133164,1.9350653245022853
1114.807672246876,1.932075688469456
1120.3790692644748,1.9383720921530705
1121.659324075176,1.9372354474528084
1122.981058767341,1.9361742392540362
1128.6834270784852,1.9426565009956718
1128.9741285594837,1.9398180903083913
1134.7646043236932,1.9464229919788907
1141.591752728206,1.954780398507202
1148.4968938841173,1.9632425536480638
1154.417306691995,1.9699954039112544
1154.8423339262558,1.9673634308794818
1160.8502290049619,1.974235083341772
1166.8996704379229,1.981153939622959
1167.6609999215927,1.9790864405450725
1173.7846501366419,1.9860992388098846
1175.18438000805,1.9851087500135982
1176.6263459528288,1.9841928262273674
1183.6444161979075,1.9926673673365447
1183.934454236421,1.989805805439363
1191.040379818817,1.9983898990248607
1191.1196974033526,1.9951753725349288
1192.6461194740502,1.9943915041372078
1199.8724333625016,2.0031259321577655
1200.7613701430678,2.001268950238446
1201.044435821752,1.9984100429646454
1201.251328464249,1.9954341004389518
1207.4196921223402,2.0023543816290883
1207.7473178364917,1.9995816520471716
1213.999394453033,2.006610569343856
1215.0003682841793,2.0049511027791738
1215.4100949028132,2.0023230558530694
1216.9814784094642,2.0016142736997766
1217.4317619724652,1.9990669326313057
1223.7710389309036,2.0061820310342684
1231.0750893210259,2.014852846679257
1237.495407178156,2.0220513189185554
1243.9979090349095,2.0293603736295425
1245.608425746809,2.0286782178286793
1252.1555888915009,2.036025347791058
1253.1958347132086,2.0344088225863777
1260.625286327241,2.0431528141446367
1261.7461375655655,2.0416604167727597
1268.428984599024,2.0491582949903457
1275.1868699092279,2.0567530159826255
1276.3948600136994,2.0553862480091776
1283.233997410154,2.0630771662542666
1284.5748866333668,2.06191795607282
1292.1345652270054,2.0707284699150725
1299.8155143466024,2.079704822954564
1300.383205796991,2.0772894661293786
1308.1404969514722,2.086348479986399
1316.0165846220204,2.095567809907676
1323.9340691932343,2.1048236394169066
1331.928454650844,2.114172150239435
1340.0039086827003,2.123619506628685
1340.5543585801204,2.121130314209051
1348.7462139881472,2.1307207172008646
1350.4684925755546,2.1300764867122313
1351.850974998269,2.1288991732256206
1353.691823810694,2.1284462638532924
1360.653826260128,2.136034264144628
1361.576501725491,2.134132447845597
1368.8103787586178,2.142113268792829
1369.3141896668612,2.1395534213544707
1369.3902899912096,2.1363343057585173
1375.3900046267706,2.142352032128926
1375.5206816795526,2.1392234551781533
1382.8375007346206,2.1472631998984792
1390.198938529334,2.1553471915183473
1396.238084974163,2.161359264665887
1396.82855731711,2.1589313096091343
1404.3180790190372,2.167157529350366
1404.4033372775502,2.163949672230432
1404.5689958955015,2.1608753783007715
1405.6111138436795,2.1591568569027335
1413.1406424642619,2.1673936234114444
1413.2701411544824,2.1642728042181965
1414.4285602400278,2.1627348015902563
1414.5971843511702,2.159690357788046
1422.205948700663,2.167996873019303
1422.9101803539013,2.1657689198689516
1423.6954841892791,2.1636709486159256
1429.8235883206655,2.169686780456245
1437.5202971354897,2.1780610562658937
1445.2979242145377,2.186532411822296
1446.5678479452724,2.1851478065638554
1452.8196139344975,2.1912814689811424
1460.7136446114648,2.1998699467040135
1467.0529152567112,2.2060946094085883
1475.0779800663443,2.214831801901418
1475.900751512449,2.212744754891228
1482.2836579567304,2.218987511911273
1482.54680635742,2.2160639855865774
1482.6262026635823,2.2128749293486303
1489.0484339918103,2.2191481877672286
1489.3526177360145,2.216298538297641
1495.8126989792243,2.2226043075471384
1497.1224338399331,2.221249901839663
1498.5522891250387,2.220077465370428
1499.4169164495395,2.218072361611745
1499.8368345271308,2.215416299153812
1506.3832650675033,2.2218042257632793
1507.8582503618081,2.2207043451573023
1516.0016302553915,2.229414162140282
1524.2736113829642,2.238287241384676
1530.9087760456246,2.244734275726722
1531.3738385088786,2.242128606894405
1532.9827433092294,2.2412028410953644
1539.7043572092232,2.2477435871667493
1540.608869713616,2.245785524363872
1542.3297829125597,2.2450215180677726
1549.1331981751005,2.2516470903707857
1557.4881710191314,2.260505328039378
1559.2993790061676,2.2598541724727066
1567.6927691861292,2.2687304908627053
1567.9035974418323,2.26575664370207
1576.3349593948017,2.27465362106032
1576.4502747885704,2.2715421826924644
1578.2995085252237,2.2709345446406095
1578.4943472314735,2.2679516483210826
1579.477389862348,2.266108163360614
1579.6846404392395,2.263158510657936
1579.9575926257519,2.2603112913100887
1588.4311192406549,2.2691873132009355
1588.7685484237782,2.266431595469013
1595.6109593259182,2.272950084509855
1596.6318583945576,2.2711690731074787
1596.9672467440348,2.268419384579595
1598.8934368342752,2.267933952956419
1599.275150267167,2.2652622525030695
1606.1576176368649,2.2717929528102756
1614.6738267702003,2.280612749675424
1615.7375735127116,2.278896436548253
1622.7433523395346,2.285554017379626
1624.7979745071677,2.285229218716129
1631.9242899670783,2.2920284971447726
1632.351059404084,2.289412425531675
1640.94501792787,2.298242322027829
1642.0493484987114,2.296572515382813
1649.2658452853336,2.303443917996276
1656.571725089179,2.3104208160239597
1657.7522211441985,2.308847104657658
1665.136869005271,2.3159066328306968
1666.3622469554475,2.314392009660344
1674.9944769595443,2.3231546143683
1675.3070074483464,2.320369816410452
1675.8094242875434,2.3178553586273076
1684.5727016864732,2.3267578752575595
1693.411261716404,2.335739671332971
1702.3744919110854,2.34486844615852
1711.4185145654094,2.3540832387419663
1720.551905821952,2.363395475030154
1721.1512041753483,2.3609755887178987
1730.3988181085401,2.3704093398747124
1732.5666074887733,2.370132157987378
1733.9096700805799,2.368729057487131
1736.1602498430645,2.3685678715457907
1743.5825831976915,2.375453110623558
1744.872522728547,2.3739762213993836
1753.1598182919106,2.382010622679226
1753.547680050034,2.379304857598418
1753.6693351130339,2.3762457115352764
1753.7450451100367,2.373132672679346
1753.8628518787184,2.370084934971241
1762.2641678630662,2.3782242481282942
1770.704248815634,2.3863938663283477
1777.208446265147,2.39193599766507
1777.7260397439395,2.3894167200859404
1786.2108350815004,2.3975984363510072
1786.3282863321274,2.3945419387830125
1786.5291325155326,2.39160526441169
1787.932734065494,2.3902844038308744
1796.5348195059457,2.398577863158806
1797.9819003652983,2.3973092004870646
1798.1862556365759,2.3943891553083567
1806.8272425810417,2.4026958013045765
1807.4331022400352,2.4003095647278023
1808.121079848627,2.398038567438497
1814.7369538603564,2.403625104450803
1823.46822987587,2.4119950130633203
1832.2873289875631,2.4204588229690396
1833.7743609505676,2.419227389116844
1840.4332261346606,2.4248132096635846
1849.32827957931,2.4333266836569867
1856.1166108731788,2.4390494229608133
1865.0532941888516,2.4475765015601727
1865.8598494595374,2.445425752895855
1872.7819150054986,2.451285229064789
1874.308734138512,2.4500767766516494
1881.2710213425114,2.4559673907865682
1888.2713418455646,2.4618922318716616
1888.5023146321628,2.458987388843962
1895.5878126916718,2.4650036575964522
1897.1903896033243,2.4638836228614602
1898.9112327401865,2.462919886822551
1900.6764697219344,2.4620161524895523
1900.9953364076675,2.4592436434769307
1908.1671255343813,2.4653322035327925
1910.0228110018973,2.464545562583093
1919.071539016511,2.4730303337841635
1928.1585962284767,2.4815425948886443
1935.4151508312798,2.4876801424566577
1935.8634793505646,2.4850622327991845
1937.8309203409242,2.4843986158216977
1945.1731214507897,2.490618593406901
1946.0626496414086,2.4885711632243077
1948.0714449596899,2.4879584226815963
1950.1243219674393,2.487403471897244
1959.3291306026051,2.4959606759268853
1961.456770181319,2.4954920740220343
1970.7060186661465,2.504073721303871
1971.0005204207553,2.5012696959654255
1980.3749103214573,2.5099808749321384
1980.4900636349366,2.5069494476391605
1982.6952713357307,2.506567978932656
1982.895105215308,2.503655435877914
1983.8284138583467,2.501675175105103
1984.118683680035,2.4988900298237215
1984.4301662586186,2.496138573910212
1993.933649592534,2.504941770844892
1995.001372861064,2.5031384853965672
2002.4605350467486,2.5093490414119657
2003.6509541402659,2.5076983155697947
2004.0730364361236,2.5050912955451548
2006.3222861206812,2.5047718927848703
2006.7323119536613,2.5021599899671587
2014.2718904954395,2.508433238475018
2023.8177819908533,2.517186296008524
2025.1290243925935,2.5156882290591223
2032.7862051011289,2.5220672519865124
2035.1130266793957,2.5218253118703786
2037.5605990624106,2.521733414681201
2038.0151984424483,2.5191782428213205
2040.5910491325483,2.519248208805615
2042.01933175108,2.5179029984600247
2049.7177891198717,2.5242829915269356
2057.4584066026364,2.530699147112714
2059.0076078746342,2.529493375767364
2066.879907573158,2.5360489663474333
2068.5483332261188,2.5349857024829885
2078.2193033556296,2.5437200775466704
2078.665733394602,2.5411561532941342
2079.165597196032,2.5386637328400883
2088.922533090024,2.5474665037683217
2098.7685559044053,2.556356340931066
2108.7028352773737,2.5653319163958317
2118.7131850376322,2.574378110616807
2128.83673334619,2.5835397249346967
2129.3706230196713,2.5810553006299046
2139.5756902681633,2.590285339307704
2142.2354767825973,2.5903693794227296
2143.944693971342,2.5893051859557272
2146.647815521018,2.589442479518719
2154.6319789470854,2.5959421433097414
2156.373076042425,2.5949134489078522
2165.699256063049,2.6030039135373184
2166.4532598652463,2.600784225528507
2166.5788286453444,2.5978163413013724
2166.713906895196,2.594866954365504
2166.755121718417,2.59181234655313
2176.1668084599264,2.5999603446355155
2185.6208001633927,2.6081393796699195
2192.6821488302116,2.613447138057463
2193.4759921416185,2.6112809430257364
2202.967420742103,2.6194618558170073
2203.081888433081,2.616486803364704
2203.245130440165,2.613576667188808
2205.0740763590234,2.612647009904056
2214.60649525731,2.6208360890619056
2214.7629922878123,2.617923158732639
2216.7135608977087,2.6171352548969407
2216.883592788659,2.614249519797947
2226.4537004504127,2.622442521143007
2227.287800488379,2.620338588809858
2228.246479392083,2.6183859922351154
2235.352525563897,2.6236531990186585
2245.049831623075,2.6319458752908265
2254.787597037318,2.640266507069459
2256.7810533467514,2.639510003914329
2263.9262707538564,2.6447736807872153
2264.1919743760486,2.64199763637812
2271.4232806006685,2.64734648088656
2281.296487539246,2.655758425540449
2282.3696192066677,2.6539181618682184
2289.689604041476,2.6593375192119346
2289.931316475213,2.656532849739226
2297.3414550921393,2.662041083536662
2304.7917864829737,2.6675830862071455
2305.1469537951366,2.6649097731735685
2312.712262560319,2.670568432517689
2314.828627635422,2.669929212958964
2315.1371064912037,2.6672086480313406
2315.605996131247,2.664678936859893
2323.3024606213708,2.6704625984153685
2325.501204992306,2.6699210160646456
2335.4578363800524,2.678277335298225
2345.492222906868,2.6867035772129073
2353.31465011333,2.692579691205183
2353.858346294623,2.690123824336712
2356.0984794267997,2.689610136331963
2364.044394890661,2.6956036429768084
2365.197529076357,2.6938468440505208
2367.5656838533323,2.693476318376942
2369.9781284866435,2.6931569641893676
2370.110891940008,2.6902507286492714
2372.5671551601517,2.6899854366895144
2382.6449697850057,2.6983521741619545
2382.9480702029596,2.6956426133517644
2393.14370896534,2.7041171852715706
2393.5357055831837,2.701507568378311
2396.032968196087,2.701277303490515
2396.466604551402,2.6987236537741013
2397.731423429996,2.6971107125196805
2397.9836803205903,2.6943636857534723
2398.4576297622907,2.691871638341516
2408.7672326410393,2.7004116957859186
2410.1066002411544,2.6988875702588517
2418.097015274841,2.7048065047817014
2419.4741373737897,2.7033230585182007
2419.816201031028,2.7006877243649865
2422.429827414258,2.7005906660136656
2422.764618722382,2.697956145570581
2430.7989145474808,2.7038920072830708
2441.1984194757742,2.7124426883064157
2442.6143711722607,2.7110037415896344
2450.7707100270673,2.7170406984779016
2451.2851413232397,2.7146014854077958
2453.9364579931676,2.7145314800809377
2454.3874085611606,2.71203028570294
2457.1738161000117,2.7121123798013373
2465.414433585018,2.7182077547795127
2473.7901654434236,2.7244385081976032
2475.289209089093,2.723090439041907
2483.7091474485815,2.7293507114819575
2494.153388861813,2.737819307202868
2494.799995547783,2.735526310907657
2495.2918298402246,2.7330688169115276
2505.8528010604305,2.7416332615540813
2516.488548720523,2.750260708984178
2527.2083907782744,2.758961125303793
2538.064005621341,2.7677906277222912
2538.6453770790877,2.7654089074935597
2549.577280676342,2.774295191160329
2552.407167971901,2.774355617360762
2554.017729031445,2.773091996776813
2556.926867906872,2.7732395530443297
2567.9018538618066,2.7821255188101914
2569.94536110007,2.781326148376699
2579.961991534447,2.789148098956159
2580.657687666638,2.786887351691834
2580.7461474843376,2.783976426628196
2580.836627951626,2.7810739525340797
2580.9142780254465,2.7781639160661427
2591.0061350541264,2.786028102208738
2601.1388723446657,2.7939193043444317
2608.600355647109,2.79892742022222
2609.338575110947,2.7967187300224516
2619.595892787339,2.8047065233269155
2619.718029346276,2.801837464541472
2619.8915412918777,2.7990294244571343
2621.9793163484983,2.7982703482908198
2632.2776914894926,2.806266195617796
2632.4873382579535,2.8035008927134757
2634.6195098063795,2.8027867125599784
2634.817422538308,2.8000185149184995
2645.15337564431,2.8080184454822823
2645.9292340459606,2.8058634507380282
2646.7924928518305,2.8038056068345663
2654.3800868788926,2.808867816803061
2664.806475687725,2.8169201645747624
2675.3081278439367,2.825034981883777
2677.5283587141325,2.824397002863009
2685.2398859870727,2.8295467713246287
2685.4587292025353,2.8267986623184584
2693.248178387829,2.8320170119745836
2703.8277929460087,2.8401552446911857
2704.736160717577,2.8381281854329248
2712.564553730416,2.843359070996243
2712.851267321362,2.8406819553103264
2720.761804588447,2.8459851512431453
2728.7518332757763,2.8513603273519084
2731.105335780671,2.8508406427773183
2739.231248832681,2.856341239658687
2749.853004886775,2.864430213423724
2750.109658492747,2.8617166061318904
2752.503044593628,2.8612297760848526
2752.8315272802697,2.8585997168019417
2761.045045606492,2.8641546116249916
2763.555612388355,2.8637881993661707
2763.9314267073173,2.8612126570469125
2774.6401454926377,2.8693279684515383
2775.103345349014,2.866842298914271
2777.6565416344133,2.866518618817764
2785.908448557641,2.872070565523341
2786.9480384996264,2.8701833558183587
2789.577829972225,2.8699360390660753
2792.250478420599,2.8697332768968127
2792.3392350416266,2.8668780647244625
2795.1335277827147,2.8668036182386816
2805.959934438332,2.8749589492196024
2806.198796080728,2.872260794350796
2817.1458057948266,2.880517183839291
2817.559323566218,2.877997266155483
2820.3910365985153,2.877950037345424
2820.9353611584147,2.8755712142287613
2822.0170933945396,2.873744494291792
2822.3201511847165,2.8711293501370463
2822.99928518327,2.868901712584624
2834.0635638991685,2.8772218922834196
2835.2574056110584,2.8755146101532034
2843.6252027494684,2.8810792327755506
2844.8625097423587,2.8794154956906466
2845.143693751583,2.876788365775109
2848.091457866301,2.8768600584508093
2848.529443424379,2.8743990347370123
2856.9404505076113,2.879980292850415
2868.1265952043973,2.8883450102763315
2869.4028609905495,2.8867232001916996
2870.123632871583,2.8845463646950584
2873.1972230518286,2.8847361677227195
2873.6765413064986,2.8823235118420247
2876.792829965999,2.882557945857714
2878.1074475300084,2.8809884359659743
2886.60200264584,2.88660200264584
2895.141754076448,2.892249504571876
2896.49991141912,2.8907184744701797
2905.0794623439115,2.896390291469503
2906.4801130773967,2.8949005110332635
2907.0640901216593,2.8926010846981685
2907.89729091962,2.8905539671169187
2908.4577144450864,2.888240034205647
2909.3351581763122,2.8862451966034843
2910.342323623994,2.884382877724474
2911.471144942937,2.882644697963304
2922.7354556343166,2.8909351687777614
2934.1131329382997,2.8993212776070156
2934.8323109896314,2.8971691125267833
2936.3685837481776,2.895827005668814
2937.9816185505024,2.8945631709857165
2941.2092721185004,2.894891015864666
2952.6615810508006,2.9033053894304826
2954.9335541952496,2.9026852202310898
2965.4990681856225,2.9102051699564497
2966.1542511224734,2.907994363845562
2966.1938286676263,2.9051849448262748
2966.3604946286387,2.9025053763489614
2966.474925777492,2.899779986097255
2977.1187118572316,2.9073424920480777
2987.894144409502,2.915018677472685
2995.5922272818725,2.919680533413131
2996.2875731030936,2.917514676828718
3007.1399936108382,2.9252334568198815
3007.216710977095,2.92246521960845
3007.294749092865,2.9197036398959852
3009.6107126309093,2.919118052988273
3020.549673345156,2.9268892183577093
3020.705095288205,2.924206287791099
3023.136900183031,2.9237300775464514
3034.16087212166,2.9315563981851787
3034.938367967815,2.9294771891581224
3035.79289723019,2.927476275053221
3043.565335179534,2.932143868188376
3054.674337771821,2.9400137995878928
3065.8281990591486,2.947911729864566
3068.3455280371595,2.9474981057033234
3076.162035304156,2.95217085921704
3076.369010254399,2.9495388401288585
3084.274292095966,2.9542857203984347
3095.515181646689,2.962215484829368
3096.4120839054885,2.960240997997599
3104.3605462492305,2.965005297277202
3104.5555383734913,2.9623621549365375
3112.5451873117704,2.9671546113553577
3120.6519075447145,2.9720494357568707
3123.298078033159,2.971739370155242
3123.61701139943,2.969217691444325
3124.5521768800213,2.967286017929745
3124.873040000596,2.96477518026622
3133.098509112529,2.9697616200118757
3135.8239601686137,2.969530265311187
3136.1873826151573,2.9670646950001487
3147.511742291828,2.9749638395953006
3148.4886232256763,2.973077075756068
3148.850906337077,2.970614062582148
3151.6663186038554,2.970467783792512
3160.019522883028,2.9755362739011564
3161.117667225857,2.9737701479076737
3164.011225683619,2.973694760980845
3165.233394024612,2.9720501352343778
3165.2738635393443,2.9693000596053887
3168.2509768276045,2.9693073822189358
3168.480452460109,2.9667419966854953
3179.8447437692657,2.974597515219145
3180.2493509239766,2.972195655069137
3183.263967884203,2.972235264130908
3183.7082417809584,2.9698770912135806
3185.0653769230303,2.9683740698257504
3185.2751302289566,2.965805521628451
3185.8468805982134,2.9635784935797336
3197.294524986842,2.9714633131847976
3198.780541361534,2.9700840681165586
3207.21857016994,2.9751563730704453
3208.835831263241,2.9738978973709367
3209.1061978831,2.971394627669537
3212.2369577535082,2.9715420515758635
3220.7202808243446,2.976636119061317
3232.21279282489,2.984499347022059
3233.908434416421,2.983310363852787
3242.433221440957,2.988417715613785
3243.13889499474,2.9863157412474584
3244.9650277890523,2.985248415629303
3245.2156330478633,2.9827349568454626
3256.7520077806294,2.9905895388251875
3258.663025963829,2.989599106388834
3267.227662975136,2.9947091319662107
3275.830144145501,2.999844454345697
3277.7819515835217,2.9988855915677233
3286.424123507371,3.004043988580778
3288.4588071120893,3.003158727956246
3288.858876811632,3.0007836467259414
3289.642387152538,2.9987624313149848
3289.9687022222806,2.996328508399163
3290.836040834202,2.994391301941949
3291.838759052801,2.9925806900480008
3292.881412340257,2.990809638819489
3304.4598934711075,2.9986024441661594
3316.1696652267715,3.006500149797617
3319.380436089732,3.006685177617511
3331.166019501017,3.014629881901373
3333.282846795901,3.0138181254935814
3335.484959144434,3.0130848772759116
3338.733062454161,3.0132969877745137
3350.5952895651662,3.0212761853608354
3352.958268714433,3.0206831249679578
3363.8602806760605,3.0277770303114857
3365.09955344627,3.026168663171106
3365.2200023990176,3.0235579536379316
3372.9470312852345,3.027780099896979
3373.081076238628,3.02518482173868
3373.1680471458553,3.022552013571555
3384.1107860045377,3.029642601615522
3391.8810341956996,3.033882857062343
3393.159046665629,3.032313714625227
3404.1809088100244,3.0394472400089505
3404.2213864845285,3.0367719772386517
3404.432022675907,3.0342531396398456
3404.4733913476557,3.0315880599711984
3415.5736369526894,3.0387665809187627
3415.688982014544,3.036167984012928
3418.127314986523,3.035637047057303
3418.3058853373905,3.033101939074881
3429.53142687846,3.0403647401404785
3430.884535305733,3.0388702704213757
3432.3169941693486,3.0374486674065033
3440.21484870214,3.041746108489956
3451.563843819791,3.049084667685328
3463.002151627498,3.056489101171666
3465.5206254538257,3.056014660894026
3467.035472597059,3.0546568040502726
3467.199036299831,3.0521118277287242
3475.21590250844,3.056478366322287
3486.739850078688,3.0639190246737154
3488.3871651811396,3.0626752986664965
3496.441135300001,3.0670536274561413
3496.6461900854547,3.06454530244124
3504.814135803775,3.0690141294253723
3513.1067191012025,3.0735841811909035
3515.6687790981705,3.073137044666233
3524.00631536646,3.0777347732458167
3535.5681098006735,3.0851379666672543
3538.1730480494552,3.0847193095461685
3539.859743518456,3.0835015187442996
3540.104574361309,3.081030961149964
3548.52934487495,3.0856776911956088
3551.221738765042,3.0853360024022956
3551.518503743632,3.082915367833014
3563.165365265583,3.0903429013578347
3564.96813035273,3.0892271493524524
3565.297751206497,3.086837879832465
3567.2172210915646,3.085828045926959
3575.7268336001825,3.0905158458082824
3577.6892482149665,3.089541665125187
3580.498196539337,3.089299565607711
3582.5489935044557,3.0884043047452203
3582.7188570125722,3.0858904883829217
3585.611848432049,3.085724482299526
3597.3462443025824,3.093161001120019
3597.6027562427716,3.090724017390697
3609.41675251075,3.0982118047302576
3609.7577045092576,3.095847087915315
3612.7279480418115,3.095739458476274
3613.114035770381,3.0934195511732714
3615.205617502415,3.0925625470508256
3615.454136520362,3.090131740615694
3615.885215076152,3.087860986401496
3627.740048136772,3.095341338000659
3629.8759898916614,3.0945234355427633
3638.4258913450885,3.0991702652002457
3640.65134798716,3.0984266791380084
3649.2390605158703,3.1030944392141753
3652.254420355882,3.1030198983482427
3652.6594391665867,3.100729574844301
3661.3288042264026,3.1054527601581023
3673.2618399274174,3.112933762650354
3675.527447203305,3.1122162973779046
3684.3207583855105,3.117022638228012
3684.886045019696,3.1148656339980527
3687.1953133307975,3.114185230853714
3687.5218780930736,3.1118328085173617
3699.538419095043,3.119340994177945
3701.893007245791,3.118696720510355
3710.8062198472658,3.123574259130695
3719.7579622740773,3.128475998548425
3722.2431003927027,3.1279353784812627
3731.237711684883,3.132861218878995
3743.296808570664,3.1403496716196844
3743.739095509231,3.1380880934695985
3744.4320758665813,3.1360402645448753
3744.8701433349543,3.133782546723811
3745.6879355240085,3.131846099936462
3746.547876227243,3.1299481004404703
3758.695160954236,3.137475092616224
3770.9314685404884,3.145063776931183
3774.028690858456,3.1450239090487133
3786.3884493954774,3.1526964607789156
3788.959839362697,3.1522128447277016
3791.6612771766086,3.1518381356414036
3794.833818545972,3.151855331018249
3807.2318750852005,3.15952852704166
3809.5209276931805,3.1588067393807466
3821.007664390358,3.165706432800628
3822.8210397601692,3.1645869534438487
3822.8636357005657,3.1620046614562165
3830.946467311876,3.166071460588327
3839.11834087287,3.17020507091071
3839.1592106093467,3.1676231110638176
3850.732158539097,3.174552480246576
3858.9413813099413,3.178699655115273
3860.8885286074374,3.1776860317756688
3872.4986139391626,3.1846205706736535
3872.57915608493,3.182069972132235
3872.7485387201214,3.179596501412251
3872.8674645266674,3.1770856969045673
3884.558416695081,3.1840642759795745
3884.8132044459835,3.1816651961064566
3887.214459864429,3.1810265629005148
3887.2550918225656,3.1784587831746243
3899.023134122307,3.1854764167665905
3901.007482223408,3.184495903855843
3903.03240698678,3.1835500872649103
3911.280746227222,3.187677869785837
3923.137706813267,3.1947375462648755
3935.1260338472403,3.201892623146656
3937.5707884524127,3.2012770637824493
3939.685148026848,3.2003941088763996
3939.8044626383603,3.1978932326610066
3951.8773112476856,3.2050910877921215
3954.0812288210045,3.2042797640364706
3962.4072623982497,3.208426933115992
3962.793254049304,3.206143409425003
3971.2432944019997,3.210382614714632
3979.769340920464,3.214676365848517
3982.25197247153,3.214085530646917
3990.8571926782515,3.2184332199018155
4003.0190673432776,3.225639860872907
4005.6227306599585,3.225139074605442
4007.871142527961,3.2243532924601457
4008.3357764438424,3.2221348685239892
4017.0205070517186,3.2265224956238705
4019.7516763643953,3.226124940902404
4019.9850307684114,3.2237249645296
4032.228203434137,3.2309520860850456
4034.5601051163167,3.2302322699089805
4035.1022396797366,3.228081791743789
4037.5182600366475,3.227432661899798
4046.2426996375375,3.231823242521995
4048.7036364935916,3.231208009970943
4051.4779087539496,3.230843627395494
4054.055568242336,3.2303231619460844
4054.2131461683925,3.2278767087327966
4057.069439926029,3.2275810977931814
4069.3992812450383,3.2348165987639415
4069.5295991929024,3.2323507539260543
4081.9469767364194,3.239640457727317
4082.220058646916,3.237287913280663
4085.116386025056,3.237017738530155
4085.4293783070107,3.2347025956508397
4088.0501900953964,3.234216922543826
4088.214586041354,3.2317901865939556
4088.6603424182404,3.229589527976493
4101.202082491468,3.2369392916270465
4103.86314420799,3.23648512950157
4112.71108350437,3.2409070791996615
4115.448940268749,3.2405109765895657
4124.387493794757,3.2449940942523656
4127.327497763145,3.2447543221408375
4127.907007373293,3.242660649939743
4136.979256975715,3.247236465444046
4149.560049184058,3.2545569013208295
4152.409518623929,3.2542394346582517
4161.609212142199,3.2588952326877045
4164.630171827666,3.2587090546382367
4167.56128147492,3.2584529174940737
4170.536083732442,3.2582313154159706
4183.156277925924,3.2655396392864353
4183.435871240182,3.263210507987661
4192.749909787203,3.2679266639027307
4202.1397511547075,3.2726945102450995
4205.1533769230955,3.272492900329257
4214.673366078046,3.277350984508589
4227.377850443351,3.2846758744703584
4227.997717442361,3.282606923480094
4228.530797706224,3.280473853922594
4228.885883615904,3.2782061113301584
4229.553180871611,3.276183718723169
4230.304870291266,3.2742297757672336
4231.0957527837945,3.272309166886152
4243.920091161654,3.279690951438682
4256.864514130471,3.287154064965615
4259.971527923838,3.2870150678424674
4272.955221018909,3.294491303792528
4276.014162483711,3.294309832421965
4279.114759082454,3.2941607075307573
4282.337622810908,3.2941058637006986
4295.402106968516,3.301615762466192
4297.662230087408,3.300815844921204
4309.806775449128,3.3076030509970282
4311.950157360163,3.306710243374358
4312.024976918808,3.3042336987883583
4320.677838144489,3.3083291256849074
4329.369629486665,3.3124480715276703
4329.489011096697,3.310006889217658
4341.675084665324,3.3167876888199572
4350.451322797845,3.32095520824263
4352.6705140331,3.3201148085683445
4364.896614199755,3.3269029071644476
4364.982290211902,3.324434341364739
4365.10899751829,3.3220007591463396
4365.2247139988,3.319562520151179
4377.527770937903,3.3263888836914157
4377.734731350263,3.3240202971528197
4380.08001362487,3.3232777038124963
4380.192562617355,3.3208434894748713
4380.444101557731,3.3185182587558573
4382.776238672288,3.31777156598962
4385.187633963104,3.3170859560991715
4394.094228754548,3.321310830502304
4406.513942115203,3.328182735736558
4419.067813308658,3.3351455194782322
4421.499983989287,3.3344645429783464
4424.040693034506,3.333866385105129
4424.424447087188,3.3316449149752922
4433.406305350934,3.335896392288137
4446.000031208371,3.3428571663220836
4448.661084850468,3.342344917243026
4457.684291722846,3.346609828620755
4458.011766754957,3.344344911294041
4467.151907640903,3.3486895859377084
4476.379408806191,3.353093190116997
4478.94108106589,3.3525008091810555
4488.250764443732,3.356956443114235
4500.959764673722,3.3639460124616756
4503.56611673847,3.363380221612001
4506.311664291306,3.362919152456199
4506.677645964551,3.3606842997498516
4516.117254799519,3.3652140497760947
4518.847186460238,3.3647410174685315
4519.342613562777,3.362606111281828
4532.140156097168,3.36962093390124
4534.974532515688,3.3692232782434535
4535.456315387314,3.367079669923767
4538.328342901687,3.366712420550213
4547.806828534697,3.371243015963452
4550.812569395325,3.3709722736261667
4553.581673250651,3.370526775167025
4556.628289936564,3.370287196698642
4556.861258474551,3.3679684098111977
4559.713828373073,3.367587760984544
4572.637350638262,3.3746401111721496
4582.159455129178,3.379173639475795
4595.172243963165,3.386272840061286
4598.258403744581,3.386051843699986
4601.430942262305,3.3858947330848452
4601.967681070388,3.383799765492932
4605.216035699378,3.3837002466564132
4605.371380013671,3.3813299412728863
4605.990508695682,3.3793033812881017
4619.081463783485,3.3864233605450766
4622.418835829821,3.386387425516352
4632.021957752637,3.3909384756607883
4645.244506110685,3.3981305823779695
4654.928347681248,3.4027254003517893
4657.858263859628,3.4023800320377124
4658.382914988886,3.4002794999918877
4668.201785983614,3.4049611859836717
4681.468874500778,3.412149325437885
4684.922975582171,3.412179880249214
4694.858091257204,3.4169272862133946
4697.828859849274,3.416602807163108
4701.369158390542,3.416692702318708
4704.953427837829,3.4168143993012556
4718.296290490167,3.424017627351355
4721.923338158296,3.4241648572576477
4735.397587327255,3.4314475270487352
4745.410600620296,3.436213324127658
4749.1173112483275,3.436409053001684
4759.215525100761,3.4412259762116855
4772.80247861748,3.448556704203382
4773.3689904091125,3.44647580534954
4774.071553212625,3.444496070138979
4774.266674782813,3.4421533343783803
4787.897284943041,3.4494937211405197
4788.677952940634,3.4475723203316297
4789.587019471583,3.4457460571738006
4803.332548682465,3.4531506460693495
4817.119627280621,3.4605744448855034
4820.167886273683,3.4602784538935265
4834.0447038560615,3.4677508635983223
4837.872373450922,3.4680088698572917
4841.742846439725,3.468297167936766
4844.877941403719,3.468058655263936
4858.842283612866,3.4755667264755834
4861.020833672567,3.474639623783107
4874.097429336125,3.481498163811518
4877.04833453612,3.481119439354832
4877.089995812276,3.478666188168528
4886.300073702796,3.482751299859441
4895.591664863206,3.4868886501874683
4895.681612110175,3.484470898299057
4898.6750125791505,3.484121630568386
4908.0427040718005,3.488303272261408
4911.077858706559,3.4879814337404538
4924.194265836869,3.494814950913321
4926.412440079974,3.4939095319716125
4926.5013277594835,3.4914963343440704
4926.637304038017,3.4891199037096436
4939.795938138257,3.4959631550872308
4939.930130439572,3.493585665091635
4942.189895051004,3.492713706749826
4942.317776249366,3.4903374126054847
4945.4379840508755,3.490076206105064
4948.602882539726,3.4898468847247717
4958.0836594493285,3.4940688227267995
4971.330327725083,3.500936850510622
4984.6153850437895,3.507822227335531
4986.960488780922,3.507004563137076
4990.250666684399,3.506852190220941
4990.419057793598,3.504507765304493
4999.976261857779,3.508755271479143
5013.396065543405,3.5157055158088393
5016.768814869715,3.5156053362787074
5026.450550122258,3.519923354427352
5026.664932506308,3.5176101697035045
5036.422945652135,3.521974087868626
5046.260182128539,3.526387269132452
5048.649615480015,3.525593306899452
5058.61120447061,3.5300845809285484
5072.15834497935,3.5370699755783472
5074.627087360198,3.5363254964182564
5078.041827441093,3.536240826908839
5078.340902841457,3.5339881021861217
5088.382384710559,3.5385134803272313
5090.894107095112,3.537799935437882
5091.152923624096,3.535522863627844
5104.8129640741245,3.5425488994268735
5108.348598438967,3.542544104326607
5108.727263798554,3.5403515341639324
5118.810213428448,3.5448824192717785
5128.937099762649,3.5494374392821104
5132.602426861122,3.5495175842746347
5135.154359860398,3.5488281685282637
5145.36046044326,3.553425732350318
5145.535939552813,3.5510945062476282
5148.209187258611,3.5504890946611107
5161.990782471347,3.557540167106373
5172.321377221805,3.562204805249177
5186.2175996733695,3.5693169990869715
5189.925558722386,3.5694123512533604
5200.29843021448,3.5740882681886457
5200.598490290999,3.5718396224526088
5204.387902089503,3.571988951331162
5204.519149824853,3.5696290465191036
5204.860265686231,3.5674162204840516
5218.795995661566,3.574517805247648
5229.286317581921,3.5792514151826977
5243.341238341535,3.5864167156918847
5253.874143604922,3.591164828164677
5256.682434414862,3.590630078152228
5257.196284883912,3.588529887292773
5267.846775514519,3.59334705014633
5282.03181409644,3.600567017107321
5285.952917932778,3.600785366439222
5296.725212442226,3.605667265107029
5311.044938143769,3.612955740233857
5321.854490620977,3.617848056166538
5325.895191490792,3.6181353203062447
5340.257221757894,3.625429206896058
5340.427884018477,3.62308540299761
5354.9172605784515,3.6304523800531876
5365.81455277322,3.6353757132609896
5369.893616271099,3.6356761112194307
5380.8313162103195,3.640616587422408
5395.405239556895,3.6480089516949934
5395.999997801001,3.6459459444601356
5396.378953538374,3.643740009141373
5396.59213196747,3.6414251902614505
5411.25162635763,3.6488547716504587
5411.719682885186,3.646711376607268
5412.230203175201,3.6445994634176433
5427.004547327951,3.652089197394314
5441.902071245266,3.6596516955247247
5444.752763779886,3.6591080401746545
5459.725935653614,3.666706471224724
5463.930440074596,3.6670674094460374
5468.258342544565,3.667510625449071
5471.147505444531,3.6669889446679163
5486.200412800898,3.6746151458813787
5488.166186199554,3.6734713428377206
5502.2569371086465,3.680439422815148
5505.664889899758,3.680257279344758
5505.755331673833,3.6778592729952124
5515.735772176778,3.682066603589304
5525.793753009609,3.686320048705543
5525.910515829855,3.68394034388657
5529.40179657654,3.6838119897245436
5539.498487370125,3.6880815495140644
5553.629277013188,3.6950294590906108
5553.761334146293,3.6926604615334395
5553.80683372698,3.6902370988219135
5568.018963015108,3.697223747021984
5568.278255748388,3.694942439116382
5570.284055809079,3.693822318175782
5570.484589529586,3.6915073489261667
5574.012959423475,3.6913993108764735
5577.627891000243,3.6913487035077717
5587.798909534762,3.6956341994277526
5602.086284436198,3.7026346889862514
5616.507951488786,3.709714631102236
5618.588813732106,3.708639481011291
5622.326384047533,3.7086585646751535
5622.570130322389,3.70637450911166
5632.87110502236,3.7107187780120947
5647.424170419184,3.71785659672099
5651.203424008042,3.717896989478975
5661.586441283159,3.7222790540980664
5661.971105601091,3.7200861403423726
5672.444086588104,3.7245200831175995
5682.954272709499,3.7289726198881223
5685.121038803435,3.727948222166187
5699.801931442852,3.7351257742089463
5714.568722323713,3.742350178339039
5716.774517132559,3.7413445792752347
5720.591642325558,3.741394141481725
5721.106934667597,3.7392855782141154
5731.7002895937985,3.7437624360508157
5733.9811593463955,3.742807545265271
5734.341896164876,3.740601367361302
5749.150910487151,3.7478167604218715
5753.050683146452,3.7479157544928023
5753.6834214556175,3.7458876441768343
5764.352261803641,3.7503918424226685
5775.095869898907,3.7549387970734114
5779.080760062405,3.755088213165955
5781.495528059332,3.7542178753632025
5792.32928433864,3.758811995028319
5794.869446905531,3.7580216906002146
5797.526886587507,3.757308416453342
5812.373568681017,3.7644906532908142
5823.3239282250815,3.7691417011165576
5838.208878253719,3.7763317453128846
5842.269090564591,3.776515249233737
5853.26076958224,3.781176207740465
5853.7424659247135,3.779046136813889
5857.887136764194,3.7792820237188347
5858.067637492065,3.776961726300493
5858.637256668661,3.7748951396060964
5873.564805032526,3.7820765003429018
5877.821232867874,3.7823817457322226
5888.901038861427,3.787074623062011
5903.871953313578,3.794262180792788
5915.027571240127,3.798990090712991
5917.765086381818,3.7983087845839654
5929.006236776321,3.8030828972266333
5929.66587209736,3.801067866729077
5934.0409072587945,3.8014355587820594
5945.405196233545,3.8062773343364564
5960.415937699953,3.813445897440789
5964.9207035871,3.8138879178945655
5969.464740889126,3.814354467021806
5984.513282446053,3.8215282774240444
5984.805220203476,3.8192758265497613
5999.97067250009,3.8265119084822
6011.376605436701,3.8313426420884005
6016.050966412511,3.8318795964410897
6027.497220033472,3.8367264290474044
6042.7023577507325,3.8439582428439776
6043.460367454043,3.8419964192333396
6044.197719759788,3.8400239642692426
6045.068156292701,3.8381385119318736
6060.31443098413,3.8453771770203873
6061.132775928141,3.8434576892378827
6062.083590155538,3.8416245818476162
6077.459912196489,3.848929646736219
6092.910908954647,3.856272727186486
6095.769693085545,3.855641804608188
6111.30141139955,3.8630223839440894
6116.015466015125,3.8635599911655873
6118.996167284826,3.8630026308616325
6134.566820436011,3.8703891611583665
6136.589195215689,3.869223956630321
6151.276116116259,3.8760404008294005
6155.12048779505,3.8760204583092257
6155.242237499534,3.8736577957832186
6165.772297363234,3.8778442121781347
6176.431105315301,3.8821062886959776
6176.517943062698,3.879722326044408
6187.215038816778,3.884001907606264
6191.175003307912,3.884049562928427
6205.995792516868,3.890906452988632
6208.103647540575,3.889789252844972
6208.234105571279,3.8874352570890913
6223.096344185195,3.8943030939832264
6223.266497330952,3.891974044609726
6225.460716559888,3.8909129478499302
6225.634940162192,3.888591467933911
6229.722867683952,3.8887158974306817
6233.849361172199,3.8888642303008103
6244.676723665502,3.89318997734757
6259.629312864937,3.9000805687632005
6274.6692174963,3.907016947382503
6276.951919217433,3.906006172506181
6287.913718691745,3.9103941036640206
6288.2170781550185,3.9081523170634047
6299.223127481102,3.9125609487460262
6314.380655418397,3.919541064815889
6318.550575036379,3.9196963864989947
6329.601709447683,3.9241176128007953
6329.848316748881,3.9218391057923676
6341.029235792419,3.9263338921315287
6352.252028341075,3.930849027438784
6354.666345818387,3.929911160060845
6369.86537238148,3.9368760027079603
6385.106852396703,3.943858463493949
6387.65088945426,3.9429943762063338
6391.951391067432,3.943214923545609
6392.278863849708,3.9409857360355782
6403.626897489849,3.9455495363461797
6406.305423019924,3.9447693491501994
6406.724220057484,3.9425995200353747
6422.0495593553,3.949599975003259
6426.484245650751,3.9498981227109717
6426.891977965817,3.9477223451878483
6431.408066713227,3.9480712502843627
6442.8673857944805,3.9526793777880247
6447.422730326097,3.9530488843201086
6450.2167971017225,3.952338723714291
6453.12566806502,3.951699735496032
6456.076438270006,3.951087171523872
6471.521855873107,3.9581173430416556
6483.068014537554,3.9627555101085292
6498.639674525342,3.969847082788847
6503.330606976258,3.9702873058463117
6514.958409118036,3.974959371029918
6515.451617305781,3.97283635201572
6520.25407588005,3.973341910956764
6520.776830895497,3.9712404573054187
6521.352426216627,3.9691737225907646
6536.967269649688,3.9762574632905645
6548.633001373361,3.9809319157284873
6564.334925995325,3.9880528104467343
6567.367031960372,3.987472393418562
6568.0237634409095,3.9854513127675424
6579.811952264055,3.990183112349336
6595.63215897657,3.9973528236221636
6600.472426449589,3.9978633715624405
6612.300460393722,4.0026031842577
6628.234727329537,4.009821371645213
6633.15230508834,4.010370196546759
6638.153550980528,4.0109689129791715
6654.127676720607,4.018193041497951
6654.287932408947,4.015864775141187
6670.35224662607,4.023131632464457
6682.299024474277,4.027907790520962
6687.423913364008,4.0285686225084385
6699.451925349376,4.0333846630640435
6715.594815767076,4.040670767609552
6716.2901759104425,4.038659155688781
6717.000143021402,4.036658739796516
6717.809168720272,4.034720221453617
6734.027047732784,4.0420330418564125
6734.782116979735,4.040061257936254
6735.617291111157,4.0381398627764735
6751.925374244673,4.04549153639585
6768.27457744258,4.052859028408731
6771.388512927936,4.052297135205228
6787.820999199372,4.059701554545079
6793.0694398838195,4.060412097958051
6798.363207602241,4.061148869535389
6801.594819031435,4.060653623302349
6818.069204444314,4.068060384513314
6820.427813444309,4.067041033657906
6835.943127592295,4.073863604047852
6840.27741066394,4.074018707959464
6840.4024348698895,4.071668115993982
6851.519605363322,4.075859372613516
6862.725920554423,4.08009864480049
6862.768598783243,4.077699702188498
6867.22527441568,4.07792474727772
6878.554933669464,4.082228447281581
6883.054437507036,4.082475941581872
6898.607869826912,4.089275560063374
6901.009814029353,4.088275956178527
6901.12645156587,4.085924482869077
6901.3281320100095,4.083626113615391
6916.920377784028,4.0904319206292294
6917.163506066448,4.088158100512085
6919.607123808588,4.087186724045238
6919.691643055752,4.084823874295013
6924.320964324964,4.085145111696144
6929.0330065384605,4.085514744421262
6940.452488746399,4.089836469502886
6956.127402421182,4.096659247597869
6971.889277972629,4.10352517832409
6974.412206549324,4.102595415617249
6985.874606413827,4.106922167203896
6985.9989406804,4.104582221316334
6997.543020224159,4.108950687154526
7013.379830707508,4.115833233983279
7018.1785542351045,4.116233756149621
7029.7997342611325,4.1206329040217655
7030.176359991638,4.118439578202483
7041.877427543974,4.122879055939094
7053.622438747987,4.127339051344638
7054.129514313335,4.125221938194932
7070.0082178693565,4.132091302086123
7085.929333508587,4.138977414432586
7088.4961376540205,4.1380596250169415
7093.409927491223,4.13851220973817
7093.959623291739,4.136419605417924
7105.8290554536325,4.140926022991628
7108.476036785757,4.140055932897937
7108.724803114411,4.137790921486851
7124.728626471726,4.144693790850335
7129.777899794402,4.1452197091827925
7130.3696940393575,4.14315496457836
7135.460200212123,4.143705110460002
7147.4605114697615,4.148264951520465
7152.6719101396675,4.14888161841048
7152.8831206201585,4.14659891050444
7155.61238126257,4.145777741171825
7158.420031275248,4.14500291330356
7161.359981559417,4.144305544883922
7177.448088041549,4.15121346908129
7189.528901462008,4.155797052868213
7205.736107541433,4.162759160913595
7211.077700170947,4.163439780699161
7211.329253328488,4.161182488937385
7211.661586577478,4.158974386722883
7217.080321099347,4.159700473256108
7217.761041245963,4.157696452330623
7218.2227609541405,4.155568659156097
7234.47445715318,4.162528456359713
7239.969693103876,4.163294820646278
7252.1719413303545,4.167914908810548
7268.4677691040215,4.1748809701918566
7280.805551593012,4.179566906769812
7283.832479367918,4.17890561065285
7284.558046009954,4.176925485097451
7296.985707790799,4.181653700739713
7313.321138419347,4.1886146268152045
7318.858646981223,4.1893867469841
7331.362103814957,4.194143079985674
7347.784405587172,4.201134594389464
7353.450970948585,4.201971983399191
7359.162358644619,4.202834014074597
7375.624555484434,4.209831367285636
7375.955772087158,4.20761880894875
7392.542448837931,4.214676424651044
7405.120530644067,4.219441897802887
7410.918532597451,4.220340849998548
7423.584838794858,4.225147887760306
7440.209200177766,4.23220091022626
7441.011763490436,4.230251144679043
7441.511699344879,4.2281316473550445
7442.35169892187,4.226207665486581
7459.013265880651,4.2332651906246594
7459.557422098396,4.231172672772772
7460.181636002683,4.229127911566147
7476.926386639566,4.2362189159430965
7493.806889547594,4.243378759653225
7496.914693321463,4.242736102615429
7513.83759740809,4.249908143330368
7519.724125703411,4.2508333101771685
7520.602736992069,4.24892809999552
7537.66060522182,4.256160703117911
7539.81361012681,4.254973820613324
7555.916087553456,4.261655999748142
7560.84739173011,4.262033478991043
7560.886362894994,4.259654288954926
7572.591587698088,4.263846614694869
7584.334468871516,4.268055412983408
7584.373297231556,4.265676770096488
7589.42361312067,4.266117826374744
7601.293183866195,4.270389429138312
7606.43040184852,4.270876138039596
7622.622045087254,4.277565681867146
7622.665460334712,4.275190948028442
7622.709414008261,4.272819178255752
7622.888342527027,4.27052568208797
7639.194685923459,4.2772646617712535
7639.454008408784,4.275016233021144
7639.586446923492,4.272699355102624
7639.665721103309,4.270355349973901
7644.882856110767,4.270884277156853
7650.213462150699,4.271475969933388
7662.125794314136,4.275739840577085
7678.554640953319,4.282517925796609
7695.06199394087,4.28933221512869
7695.272598004683,4.287059943178096
7707.302250905041,4.291370963755591
7707.419061177716,4.289047891584706
7719.575583808267,4.293423572752095
7736.20122886837,4.300278615268688
7741.665376141173,4.3009252089673184
7753.898276999194,4.305329415324373
7754.242709151801,4.303131359129745
7766.513983045296,4.307550739348473
7778.86198928296,4.312007754591441
7779.113336360582,4.309758081086195
7791.539321079728,4.314252115769507
7808.28004573818,4.321128968311112
7808.615843920516,4.318924692433914
7814.166112987237,4.319605369257732
7814.585561368546,4.317450586391462
7827.052832228606,4.321950763240533
7827.468950188098,4.319795226373122
7844.290974027025,4.326691105365154
7849.8833968672725,4.32738886266112
7850.41567867,4.325297894584022
7856.052924223604,4.3260203327222495
7868.65590155946,4.33057562001071
7874.3376000952685,4.331318811933591
7874.492694574785,4.329022921701366
7874.733863395675,4.326776848019602
7876.97647699576,4.325632332232708
7879.2617037309365,4.324512460884159
7896.122476967669,4.331389181002561
7908.851081711306,4.335992917604883
7925.755893622355,4.342879941710879
7931.570951406593,4.343686172730884
7931.896934304683,4.3414871014256615
7932.1319285866875,4.339240661152455
7938.035158303538,4.340095767251798
7938.606854352013,4.3380365324327945
7938.879736378068,4.335816349742254
7955.903241286978,4.34274194393394
7961.850580150775,4.343617337780019
7974.623872569101,4.348213670975518
7991.685399841498,4.355141907270571
8004.500183960614,4.359749555534103
8006.829237856739,4.358644114238834
8007.444043887167,4.356607205596935
8020.38075046635,4.3612728387527735
8037.571504376713,4.368245382813431
8043.594146671558,4.369144023178467
8056.608073706367,4.3738371735648025
8057.109057432381,4.37173578808051
8063.208560631297,4.3726727552230455
8069.345473038587,4.373628982676741
8086.618139524115,4.380616543620864
8087.057053604171,4.378482432920504
8104.373587690576,4.385483543122606
8117.507609327322,4.39021504019866
8123.684524168739,4.391180823874994
8136.938501216475,4.395968936367625
8154.334430347949,4.402988353319627
8155.0606278176365,4.401004116469313
8155.37747462051,4.398801226871904
8156.1409609984,4.396841488408841
8173.666301132062,4.403915032937533
8174.024082013487,4.40173617771324
8174.458054708096,4.399600675300374
8192.117540611198,4.406733480694566
8209.856147373112,4.413901154501673
8210.397850010786,4.411820446002571
8228.261018336054,4.419044585572531
8234.56508602775,4.420056406885534
8240.998983396388,4.42113679366759
8241.664115487923,4.4191228501275726
8259.568569132403,4.426349715505039
8260.942062569935,4.424714548778755
8277.885573729194,4.431416260026335
8283.439381956658,4.4320167907740275
8283.529897216544,4.429695132201361
8295.912844584906,4.433945935106844
8308.339320706025,4.438215449095099
8308.460302079373,4.4359104656056445
8314.058148146112,4.436530495275407
8326.522942027354,4.440812235747922
8343.555938062396,4.447524487240083
8360.626660165086,4.454249685756572
8360.67105879136,4.45190152225312
8360.789796979247,4.449595421489754
8360.991057222256,4.447335668735243
8378.14901202241,4.45409304201085
8378.437633429687,4.45187972020706
8378.608979525497,4.4496064681494945
8378.80489875044,4.447348672372845
8384.443926891641,4.447980863072488
8396.950071731284,4.452253484481062
8414.145839139524,4.459006803995509
8431.431939792117,4.465800815567858
8431.722309351715,4.46359042316131
8444.267640710439,4.46786647656637
8456.896871087898,4.472182374980379
8469.56354963289,4.476513504034298
8469.892011690858,4.474322246006792
8475.614642912473,4.47498133205516
8488.320548254707,4.479324827575043
8488.69111298044,4.477157760010781
8501.51960500519,4.481560150239953
8514.474252554286,4.48602436910131
8514.845353127434,4.4838574792666845
8527.837164579429,4.488335349778646
8545.25160101834,4.495134982124324
8545.758244336661,4.493037983352608
8551.555332041344,4.493723243321778
8552.054784321987,4.491625411933817
8565.091116491949,4.496110822305485
8565.723543644524,4.4940837060044725
8566.051318081525,4.491898960713962
8583.579751312607,4.498731525845182
8589.512405544694,4.499482663983601
8590.125880309271,4.497448104873964
8590.254782682932,4.495162105014616
8603.402829223101,4.4996876721878145
8609.469952413669,4.500507032103329
8609.722304423241,4.4982875153726445
8610.013754396989,4.496090733366573
8611.46968394889,4.494504010411738
8613.014184250052,4.492965145670346
8630.629045342532,4.499806592983593
8643.895533021949,4.504374952069801
8661.58761052874,4.511243547150386
8667.742928658192,4.512099390243723
8668.121906969887,4.509948963043646
8668.526185526896,4.507813929031148
8674.719079208111,4.508689750108166
8675.374690087632,4.506688150694874
8675.906136718973,4.504624162367068
8693.721697421557,4.511531757873149
8699.952639531304,4.512423568221631
8713.263276280408,4.516984591125147
8726.689921647965,4.521600995672521
8740.203132429326,4.526257448176761
8740.92598657279,4.524288812925875
8741.716893716371,4.5223574204430275
8755.3203448775,4.527052918757756
8773.174893998023,4.533940513694069
8779.534931282366,4.53488374549709
8793.18193739951,4.539587990397269
8799.622856512326,4.5405690694078045
8806.18407231683,4.541611177058705
8824.167452257318,4.548539923843978
8824.623617173615,4.546431538986922
8842.737087799218,4.5534176559213275
8856.508821608733,4.558162028620038
8863.155651731371,4.559236446363874
8877.010273652495,4.564015564859894
8895.200525813152,4.5710177419389275
8896.009677759872,4.569085607478105
8896.625280817254,4.567056098982163
8897.532507081025,4.565178300195497
8915.76272431138,4.572186012467374
8916.415889466001,4.570177288296259
8917.189852571613,4.568232506440376
8935.458397963062,4.575247515598086
8953.845832358224,4.582316188514956
8954.692411365626,4.580405325506714
8973.118454490297,4.587483872438802
8979.90009609259,4.588605056766781
8986.769657030829,4.589769998483569
8987.751284641003,4.5879281698014305
9006.251633329066,4.595026343535237
9006.875500125481,4.593001274923754
9024.505995291911,4.599646276907192
9030.486865622126,4.600349906073421
9030.530551272555,4.598029812256902
9043.509376457057,4.602294848069749
9056.532756650256,4.6065782078587265
9056.656542409984,4.604299208139291
9062.718419706034,4.605039847411603
9075.779713406224,4.609334542105751
9075.819665516332,4.607015058637732
9075.952901119526,4.604745256783119
9076.204443011247,4.602537750005704
9093.877413572707,4.609162399175219
9094.25685297566,4.607019682358491
9094.419185745863,4.604769207972589
9094.654561880823,4.602557976660336
9100.845694467609,4.603361504535968
9113.984703346532,4.60767679643404
9131.738703856703,4.614319708871502
9131.987856923477,4.6121150792542815
9132.277774673265,4.609933253242436
9145.49695200583,4.614276968721407
9145.772132872342,4.612088821418226
9159.036375163154,4.616449785868525
9159.37015370646,4.614292268869754
9165.59943204226,4.615105454200534
9178.937857466468,4.619495650461232
9179.446188903585,4.617427660414278
9192.863099727629,4.621851734403031
9206.319011108868,4.626290960356215
9206.787228681853,4.624202525706606
9224.666748063375,4.630856801236634
9225.172369592143,4.628786939082861
9225.721312125423,4.626740878698808
9232.078739408063,4.6276083906807335
9232.705461509986,4.625603938632257
9246.288206886922,4.63008923729941
9246.924583068529,4.628090381916181
9247.31366859487,4.625969819207039
9265.23691170938,4.63261845585469
9271.672482048078,4.633519481283397
9272.342109881833,4.631539515425491
9272.472050795981,4.62929208726709
9286.19006220162,4.633827376348114
9292.667807890823,4.634747036354525
9292.875586254417,4.63254017260938
9293.126133538452,4.630356817906553
9293.794011700687,4.6283834719624934
9294.503844649747,4.626432973942134
9312.539521851402,4.633104239727066
9326.345516464318,4.637665597446205
9344.496280733703,4.644381849271224
9351.104295679123,4.645357325225595
9351.469869474633,4.643232308577276
9351.903431530298,4.641143142198659
9358.599944895537,4.642162671079135
9359.312634347501,4.640214493974963
9359.785590599458,4.638149450247502
9378.019677823331,4.644883446173022
9384.796903481883,4.645939061129646
9398.643687866848,4.650491681279984
9412.606060323984,4.6550969635628014
9426.611962344725,4.659719210254436
9427.328784605068,4.657771138638868
9428.07973013615,4.655841842042544
9442.12757638947,4.660477579659166
9460.450472675453,4.667217796090505
9467.316986775146,4.668302261723444
9481.406388666572,4.672945484803633
9482.161970830546,4.6710157491776085
9500.61231253253,4.677800252354766
9507.60050324211,4.678937255532535
9526.125626718196,4.685747971824002
9526.576746746756,4.6836660505146295
9545.146491637233,4.690489676480213
9552.21312080458,4.691656739098517
9566.434219112318,4.696334913653568
9585.085573598883,4.703182322668735
9585.96583183768,4.701307421205336
9586.478541854913,4.69925418718378
9587.272629066663,4.697340827568184
9606.054987069094,4.704238485342358
9606.610209459379,4.702207640459804
9625.469516695446,4.709133814430257
9644.406770400452,4.71609133026917
9645.411031172696,4.714277141335629
9664.3902547893,4.721245849921495
9671.497630699012,4.722410952489752
9678.647767444525,4.723595786942179
9679.728519779343,4.721818790136265
9698.78920216045,4.72880994742099
9698.878218113145,4.726548839236425
9716.978300675084,4.733062981332238
9723.171323038776,4.733773769736502
9723.292059120813,4.731528982540541
9736.64798923757,4.735723730173915
9736.737206556418,4.7334648549131835
9743.065684105715,4.734239885376927
9756.50636900049,4.7384683676544395
9774.644141113917,4.744972884035882
9792.85783420233,4.751507925377162
9793.07014528917,4.749306569005417
9793.204660064994,4.747069636483274
9793.4262871155,4.744877077090844
9793.714359439817,4.742718818130662
9794.026492645664,4.740574294600999
9794.352972544435,4.7384387869107085
9794.57051771896,4.7362526681426305
9800.939812314842,4.737041958586198
9814.422445758557,4.741266882008965
9832.714132536965,4.747809817738757
9833.123554307724,4.745716001113767
9833.575338683451,4.743644639982369
9840.059923797015,4.744484051975417
9840.354508510603,4.7423395221737845
9853.879315784081,4.74656999796921
9854.4607094485,4.744564616970871
9861.022172956558,4.745438966774089
9874.589713872942,4.749682402055287
9874.939534208022,4.747567083753857
9888.637863852082,4.7518682671081605
9895.242373484387,4.752758104459359
9895.899832198991,4.750792046182905
9914.324731093604,4.757353517799234
9915.068571394595,4.755428571412276
9915.849590533688,4.753523293640311
9922.529530864329,4.754446349240215
9922.921356720142,4.752356971609264
9936.658755151791,4.756658092461365
9937.51976718372,4.754794146977856
9937.926870900428,4.7527149071738055
9956.468868441578,4.759306342467293
9963.2370684063,4.760266157862542
9963.708816424076,4.758218154930313
9963.961305112545,4.756067448741072
9977.742639734559,4.760373396819923
9984.55528910672,4.761352069197291
9984.888582563695,4.759241459753906
9985.091763442446,4.757070873483776
9985.335321624314,4.754921581725863
10003.917572378412,4.7615028902324665
10017.825971345514,4.765854410725744
10036.488469149132,4.7724624199472805
10043.42988709636,4.773493292346179
10043.801532485839,4.771402153199923
10044.334518009402,4.769389609691074
10051.36028087307,4.770460503499321
10051.921145589637,4.768463541551061
10052.590065400558,4.766519708582531
10071.295036485108,4.773125609708582
10078.440456948838,4.774249387469843
10092.48053537745,4.778636617129474
10111.317974217438,4.785290096648101
10125.401783550305,4.789688639333162
10126.30663464307,4.787851836710671
10126.912781055718,4.785875605413856
10141.041618675963,4.790288908207824
10160.008210897922,4.796982158119888
10167.268308053408,4.798144553116285
10181.532241679495,4.802609547962026
10188.910491020419,4.803823899585299
10207.919360881622,4.8105180777010474
10208.370081394653,4.808464475456737
10227.468047509603,4.815192112763467
10228.032618948331,4.813191820681568
10247.171148965987,4.819929985402628
10261.477483855622,4.824389978305417
10280.695243152444,4.8311537796769
10295.045156324448,4.835624779861178
10314.381629375273,4.842432689847546
10315.330063582209,4.84060537943792
10316.088154616502,4.838690504041511
10316.81952298505,4.836764895914229
10336.240193616924,4.843598966081033
10337.122905982891,4.84174374987489
10338.085362774962,4.8399276042953945
10357.55040815118,4.84677136553635
10377.103706008078,4.85365000281014
10378.094010269508,4.851843857068493
10397.77378451678,4.8587727965031675
10405.193907133911,4.8599691299084125
10412.692852087492,4.861201144765403
10413.724052270483,4.859413930130883
10433.481824289285,4.866362791179704
10433.56806912789,4.86413429796172
10452.403247661265,4.870644570205622
10458.942545039798,4.871421772258872
10459.073053217324,4.869214643024825
10472.545671483,4.873218088172639
10486.140419517742,4.877274613729182
10486.183617058487,4.875027251073216
10492.801007722337,4.875836899499228
10492.927135781982,4.8736308108601865
10511.802068114217,4.880130950842255
10511.920612806858,4.877921398054227
10512.0764823345,4.8757312070197125
10512.33442995649,4.873590370865318
10512.726183143255,4.8715135232359845
10512.92149852145,4.869347613951574
10513.400659671252,4.867315120218172
10513.636661359234,4.865171985821025
10532.589806118916,4.871688161942145
10539.246865852327,4.8725135764458285
10552.952999759562,4.876595656081128
10571.944768442076,4.8831153664859475
10572.224945931108,4.880990279746587
10572.819534939877,4.87901224501148
10579.517791308457,4.8798513797548235
10579.753863469936,4.8777104027062865
10586.541640551206,4.878590617765533
10586.861293930802,4.876490692736436
10593.732017268425,4.877408847729478
10607.569920032265,4.881532406825709
10608.254609020147,4.879601936071825
10609.06831008858,4.877732556362566
10609.47657329628,4.875678572286894
10628.543432298651,4.8821972587499545
10628.990504001664,4.880160929293694
10629.51979147921,4.878164199852781
10636.435541599853,4.87909887229351
10637.370040715843,4.877290252506118
10651.291946168996,4.881435355714481
10651.859489582479,4.879459225644745
10652.211059767229,4.877386016376937
10671.3566212981,4.883916073820641
10672.336262886394,4.882130037916923
10673.40388273783,4.880385863163159
10687.406839321491,4.884555228209091
10694.40672803499,4.8855215751644545
10695.587398855114,4.88382986249092
10696.808252215864,4.882158033873055
10696.97253111337,4.8800057167488005
10697.250039476952,4.8779069947455325
10716.4397658346,4.884430157627439
10730.486561988375,4.8886043562589405
10749.719771580043,4.895136508005484
10756.807964185373,4.896134712874544
10758.147944616776,4.894516808287887
10758.62398569157,4.8925074969038524
10765.797389897438,4.893544268135199
10767.222082434859,4.891968233727787
10767.788231655508,4.890003738263173
10787.101392203049,4.89655079083207
10794.353282948945,4.897619456873387
10808.535474863591,4.901830147330426
10827.937700670342,4.908403309460717
10842.161227334254,4.912624026884574
10842.812946583177,4.910694269285859
10844.278232153307,4.909134555071664
10863.717646328287,4.915709342229994
10883.242610806827,4.922316875082237
10890.535352102857,4.923388495525704
10904.800020381399,4.927609588965837
10912.224431051616,4.928737322064867
10931.792029529579,4.935346288726672
10931.961734666358,4.933195728640054
10951.609860081884,4.9398330446918735
10951.860363583566,4.937718829388443
10971.62001896775,4.944398386195471
10985.963825275827,4.94863235372785
11005.846968848677,4.955356582102061
11020.230364906323,4.959599624170263
11040.247000482419,4.966372919695195
11041.03104648787,4.964492377017927
11041.70922492159,4.962565943784984
11043.250447807202,4.961028952294341
11063.345231097863,4.967824531251847
11064.064497965346,4.9659176382250205
11064.864881254884,4.96404884757958
11085.002226467852,4.9708530163532965
11105.258536805046,4.977704409146144
11106.121969097325,4.975861097265827
11126.462472486133,4.982741814816898
11133.974222875322,4.983873868789312
11141.597599266246,4.985054854257828
11142.549239499624,4.983251001565127
11162.974493256394,4.990153997879479
11163.018901478254,4.9879441025372
11182.519857656302,4.994426019498125
11189.228058987383,4.995191097762224
11189.807932711197,4.993220853507897
11203.270241227907,4.996998323473643
11216.859663734258,5.000829096626954
11216.99324505306,4.998660091378369
11223.746769721225,4.999441768249989
11224.365976159155,4.997491529901672
11243.951888093883,5.003983928835729
11244.123132386234,5.0018341336237695
11244.16231479514,4.9996275299222495
11244.916083706805,4.997740481647469
11245.74799724271,4.995889825518752
11245.825982808166,4.993706031442348
11246.696458713499,4.9918759248617395
11246.850515618651,4.989729598766039
11247.060755412927,4.987610091092208
11253.8589857846,4.988412671003812
11267.489277287117,4.992241593835675
11287.114450790825,4.998722077409577
11287.396311782153,4.9966340468269825
11288.350848132131,4.994845508023067
11295.230801775991,4.9956792577514335
11295.526285553015,4.993601364081792
11302.527984192293,4.994488724786696
11302.850254876525,4.992425024238748
11309.893119080389,4.99333029539973
11323.563107037806,4.997159358798679
11324.60041381275,4.99541262188476
11325.751496225435,4.9937175909283225
11332.873645986076,4.994655639482625
11333.318995841897,4.992651540018457
11353.079370035837,4.999154280068621
11353.566205447405,4.997168224228611
11354.185149101317,4.995242036560192
11361.34524090121,4.996194037335624
11362.6190567136,4.994557827126857
11376.327006295603,4.998386206632515
11377.020792289633,4.996495736622588
11377.397616751654,4.994467786106959
11377.817768661746,4.992460626880977
11385.063777443069,4.993449025194328
11386.463925269192,4.9918737068256
11387.198891093058,4.990008278305459
11400.990515583477,4.993863563549486
11408.273777399752,4.994865927057685
11408.317429387082,4.992699093823668
11408.401281328894,4.9905517416136895
11408.562272576653,4.988439996754112
11408.844601257237,4.986383129920121
11428.681299553265,4.992870816755468
11442.553969736438,4.996748458400192
11456.548088059819,5.000675725910003
11463.918440247411,5.001709616163792
11464.12431809353,4.999618106451606
11464.589595369991,4.997641497545768
11466.073779966733,4.996110579506202
11466.583223021906,4.994156456019994
11486.551864146008,5.000675604765349
11493.999096293031,5.001740250780258
11508.110140834964,5.005702540598071
11528.197845096869,5.012259932650813
11542.444728763887,5.016273241531459
11542.765390532892,5.0142334450620725
11544.289721133955,5.0127180725722775
11564.417178308924,5.019278289196581
11584.658778237947,5.025882333291951
11592.19255391338,5.02696988461118
11606.525584720255,5.031003721161793
11614.136180996467,5.0321213955790585
11634.509908243137,5.038765659698197
11634.754306662478,5.036690176044363
11655.166231404519,5.043343241628957
11655.493035032834,5.041303215844652
11675.99425426018,5.047987139757968
11690.366347242942,5.052016571842239
11710.99093265775,5.0587433834374735
11725.4469761048,5.0628009395962
11746.114395950752,5.069535777276975
11746.894489274415,5.067685284415192
11747.522747678067,5.065770913185885
11749.085280483356,5.064260896760067
11769.831940242068,5.071017639053023
11770.502886213584,5.0691226900144635
11771.217694262099,5.067248254094748
11792.080768969701,5.0740450813122635
11813.018416460558,5.080868136112068
11813.839507876297,5.079036761769689
11834.818621733653,5.0858696268730785
11842.471372453321,5.08697223902634
11850.203645663718,5.088108048803657
11851.15735775802,5.086333629939064
11872.24978964654,5.093200252958618
11892.385131782703,5.099650571090353
11899.206719680367,5.10038864967011
11899.885045848167,5.098494021357398
11913.381070788662,5.1020903943420395
11926.957978679571,5.105718312790913
11927.077324562166,5.103584648935458
11933.938954136145,5.1043365928726026
11934.699464789755,5.102479463356031
11954.95458228772,5.108954949695607
11955.118335209047,5.1068425182439325
11955.254499456563,5.104720110784186
11956.096969311311,5.102900968549428
11956.981328315085,5.10110124928118
11957.204127943096,5.099020950082344
11958.209411495563,5.097275963979354
11958.247312563164,5.095120286562916
11978.616477412199,5.101625416274361
11985.517955992189,5.10239163728914
11999.137011918945,5.106015749752743
12019.584386440385,5.112541210736021
12019.744991258798,5.11043579560323
12020.865525296922,5.1087401297479484
12034.570103728898,5.112391717811766
12034.818330282587,5.110326254897065
12041.757645839285,5.111102566145707
12042.000458204897,5.109037105729698
12049.022971423412,5.109848588389911
12062.772734194832,5.113511120896495
12063.085627757984,5.1114769609144
12064.294135349995,5.109823860800506
12071.358428429137,5.110651324483124
12071.714190115019,5.108639098652145
12092.249898236763,5.1151649315722345
12092.570245043387,5.113137524331242
12093.006320320896,5.111160744007141
12100.151875796997,5.112020226361215
12101.439527195358,5.110405205741283
12115.311592513062,5.114103669275248
12115.835256741671,5.112166774996486
12116.160822098727,5.110147963770024
12116.600806238814,5.108179092006245
12123.831238220633,5.109073425293145
12125.249585818561,5.107518780883977
12125.811196943348,5.105604714502462
12139.79587533412,5.109341698372947
12147.07102417932,5.110252849886126
12147.15107149082,5.108137540576459
12147.755354647543,5.1062443693348225
12148.191470826074,5.104282130599191
12148.741971879545,5.1023695807977925
12149.220499620726,5.100428421335317
12163.293442285785,5.104193639230291
12177.496747096988,5.1080103804937025
12198.075904909323,5.114497234762819
12198.19371510232,5.112403065843386
12199.686262707392,5.110886578427897
12220.382333809961,5.117413037608862
12227.694859563047,5.118331879264566
12241.93797897449,5.122149781997694
12262.67587017173,5.128680832359569
12277.005043750625,5.132527192203439
12277.669431561038,5.1306600215466105
12279.250766826453,5.129177429752069
12300.075098973628,5.135730730260388
12320.944135835573,5.142297218629204
12328.337935506579,5.143236518776211
12335.776032660628,5.144193508198761
12343.253143105792,5.145165962111626
12364.245901674512,5.151769125697713
12364.484353355183,5.1497227627468485
12385.603290481684,5.156371061815855
12385.919865493415,5.1543569977084545
12407.121193980738,5.161032110640906
12421.490831515988,5.1648610526054
12442.816546380853,5.171577949451726
12457.27046013355,5.175434341559431
12478.71367335268,5.182190063684668
12479.457631097492,5.180347709048357
12479.981012607,5.178415357928216
12481.645123926928,5.176957745303579
12503.213581193982,5.183753557708948
12503.818556584094,5.181856011845874
12504.466531311013,5.179977850584512
12526.07698941365,5.1867813620760455
12547.773081245994,5.19361468594619
12548.415759884834,5.19173179970411
12570.187140297676,5.198588560917153
12577.702573566055,5.199546330535782
12585.262918524792,5.200521867159004
12586.040601255141,5.198695002583701
12607.853094557902,5.20555453945413
12607.941291959401,5.203442547238713
12628.833067630874,5.209914631860921
12628.915091054592,5.207800037548285
12629.669729556977,5.205964439223816
12643.167872005699,5.209381076228142
12656.74278388294,5.212826517249976
12656.831568464153,5.210716989898787
12663.479913056437,5.211308606196065
12664.321676439531,5.209511179119511
12685.258013757908,5.215977801709666
12685.458620805797,5.213916408058281
12685.57951678504,5.211823959237896
12686.503156513856,5.2100628979523025
12687.514493957035,5.2083392832335935
12687.732037745292,5.20629135730213
12688.87238052855,5.204623617936239
12689.209499352288,5.202627921013648
12710.184609483305,5.209092053066929
12716.951378313013,5.2097301836595715
12730.610377360534,5.213190162719301
12730.852906541677,5.211155508203715
12731.231157940565,5.209178051530509
12732.45115963714,5.207546486559157
12739.304350164424,5.208219276436805
12739.586272143753,5.206206077704844
12746.484346914776,5.206897200537082
12746.938708249916,5.204956597897066
12753.970770276654,5.205702355214961
12767.715156437613,5.209186110337663
12767.922796057721,5.207146327919136
12781.74304394716,5.210657580084451
12788.861441261382,5.211434980139113
12789.20456310701,5.2094519605323875
12810.26300435544,5.215905132066547
12810.757724969342,5.213983608046131
12817.961071025118,5.214792949969535
12819.293824401637,5.213214243351621
12833.199800269425,5.216747886288385
12833.66280496443,5.214816255572706
12834.033529501245,5.2128487122263385
12834.447183706223,5.210900196389047
12841.781639331512,5.211762028949477
12843.198160936397,5.210222377661824
12843.36878090987,5.208178743272454
12857.35135352726,5.211735449342221
12864.816789686867,5.212648618187547
12865.07361142835,5.210641397905366
12865.625530927371,5.208755275679097
12866.248310002056,5.206899356536647
12866.99390475917,5.205094621666331
12867.530707820293,5.203206917840798
12881.59145592634,5.206787168927381
12889.131269956664,5.207729806043097
12889.472739512583,5.205764434375033
12890.132491377008,5.203929144681877
12891.59257449148,5.202418310932801
12912.691587048548,5.208830813654114
12920.350694019508,5.209818828233672
12934.49726370658,5.213420904355735
12955.712321150748,5.219867977901187
12969.900913637222,5.223480029656553
12970.721108571854,5.221707370600585
12972.219044797654,5.220208871145937
12993.511933495887,5.2266741486306865
13014.879830448608,5.233164386991801
13015.355470561672,5.231252198778807
13023.05881755578,5.232245406812286
13030.842642564712,5.23327013757619
13052.33309144201,5.239796503991172
13060.239864151486,5.240866719161913
13081.865381529055,5.247438981760551
13103.528083162853,5.254020883385266
13125.271093445697,5.260629696771822
13139.577881690702,5.264253959010698
13161.365787900691,5.270871360793229
13175.712362722239,5.274504548727878
13197.621415122632,5.281161030461237
13198.555416579678,5.279422166631871
13199.252717728084,5.277590051070805
13200.883571484594,5.276132522575777
13222.832202492125,5.282793528762335
13223.567261500617,5.280977340854879
13224.429443325862,5.279213350629087
13246.422639497534,5.285882936750812
13268.50605338245,5.2925831884253896
13269.14827113887,5.290728975733202
13291.270786003251,5.297437539259965
13299.267872045828,5.2985130964326
13307.354933793547,5.29962362954741
13307.9188690822,5.297738403297054
13330.116484517313,5.304463384209038
13330.19964582669,5.302386493964475
13351.43524498762,5.308721767390704
13352.143508777533,5.306893286477557
13365.62157370277,5.310139679659424
13379.219214669156,5.313430982791563
13379.29498484426,5.311351720859174
13386.500751694615,5.312103472894688
13400.174703828947,5.315420350586651
13421.530979750472,5.321780721550544
13421.646800396587,5.319717320807209
13421.723464543378,5.317640041419722
13422.476631298548,5.315832329227148
13423.27036121784,5.314042106578717
13423.39255319263,5.3119875556757545
13424.2664482796,5.31023198112326
13424.469942867565,5.30821270971434
13445.956585017071,5.31460734585655
13453.204720532103,5.315371284287674
13467.010175608935,5.318724397949817
13467.207944454021,5.316702702113708
13467.4938524817,5.314717384562629
13468.449827781531,5.312997959677133
13475.78481571052,5.313795274333801
13476.099847313468,5.311824929961951
13483.47600300021,5.3126382990544565
13483.803171730277,5.310674742705898
13491.221419873318,5.311504496013117
13505.06513455229,5.314862311905663
13505.180901384394,5.312817034376237
13519.101460233811,5.316201911220531
13526.63444314598,5.31707328740015
13526.862534331767,5.315073687360223
13548.479215193673,5.321476518143626
13548.939609899455,5.31956796619531
13549.28851794626,5.3176171577497096
13556.86460705203,5.318503180483338
13557.89614135203,5.3168220162164825
13571.890913280844,5.320223799796489
13571.933401349579,5.318155721531967
13572.3290209139,5.31622758359338
13572.843861592344,5.314347635705695
13580.458959881918,5.315248125198402
13581.605123833142,5.313617028103733
13581.78162112165,5.31160798635966
13595.820001858372,5.315019547247213
13603.51880545467,5.315951076770094
13603.734695694844,5.313958865505798
13604.128668124948,5.312037746241682
13604.626165986714,5.3101585347333
13605.168964076107,5.308298464329344
13605.726610754558,5.306445636019719
13619.807943330072,5.309866644573128
13633.932071919182,5.313301664816517
13641.670019449972,5.3142462093689025
13642.009001986411,5.312308801396577
13642.641871463553,5.3104872991294485
13643.86950308088,5.3088986393310815
13665.600787278185,5.315286187194937
13673.468720564246,5.31627866273882
13687.68113014822,5.31973615629546
13709.525892066558,5.326156135223993
13710.107329601318,5.324313526058765
13711.464279241709,5.32277340032675
13733.439361515775,5.329235297445004
13755.504845416786,5.335727248028234
13755.973268745136,5.333839964616183
13763.966159035306,5.334870604277251
13772.00213719066,5.3359171395546925
13786.259527153872,5.339372396264086
13794.374736342374,5.340447052397357
13816.482469496137,5.346935940207484
13838.63091461953,5.353435556912778
13860.894863013053,5.359974811683315
13875.192749025653,5.363429744501605
13897.536752502132,5.369991017195569
13911.969369840152,5.373491452236443
13934.357581694856,5.380060842353227
13934.983114157778,5.378225825610875
13935.744663345457,5.376444700364759
13937.1857660669,5.374927021236752
13959.65729129601,5.381517845526603
13960.502524406098,5.379769758923352
13961.429509158328,5.378054510461606
13962.39361705599,5.37635487757258
13984.90960904241,5.382952120493615
13985.436209075622,5.381083574096046
14008.036726725713,5.387706433356044
14016.274762229776,5.388802292283651
14024.55270981375,5.389912647891526
14025.101605101516,5.388052864042073
14047.790686048376,5.394696884043155
14047.82933185616,5.392640818370887
14047.872714952806,5.390588148485344
14047.916471578541,5.388537196616241
14048.401004364407,5.386656826826843
14061.958952111603,5.3897887896173255
14075.561503641866,5.392935442008378
14075.645642923157,5.390902199510975
14083.002671285127,5.391654927750814
14096.645662777333,5.394812729727261
14118.452781550575,5.401091347188437
14118.614148135202,5.399087628349982
14118.726127960865,5.397066562676171
14119.285799798967,5.3952181122655585
14119.40336644663,5.393202202615214
14120.0033986783,5.391372049896258
14120.210185044227,5.38939320039856
14142.098865774416,5.395688235701799
14149.544702204226,5.396470138140437
14163.265840760083,5.399643858467435
14163.466818285422,5.397662659407554
14163.71778847907,5.395702014658694
14164.445585318985,5.39392444223876
14164.567278530825,5.391917502295708
14164.88450818768,5.3899864947441705
14172.370520108754,5.390783765731744
14172.66103202567,5.388844498869076
14180.187124910633,5.389656831969074
14193.9478867929,5.392837343006421
14194.097298029903,5.390845916456477
14207.947363864538,5.394057465400356
14215.60132471415,5.394915113743511
14215.808638669838,5.392947131513596
14237.736600471195,5.3992175200876735
14238.14968803932,5.397327402592616
14238.438313434915,5.395391554920392
14246.171531640515,5.396277095318377
14247.03506703907,5.394560797818656
14260.965998951433,5.397791823978589
14261.297065650657,5.3958747883657425
14261.72600305017,5.393996219005359
14262.196593857328,5.392134818093508
14270.014402172297,5.393051550329666
14270.957989420544,5.391370604238967
14271.416465619886,5.389507728708416
14285.463272143048,5.392775867173668
14286.008145526705,5.3909464700100775
14286.247285311603,5.389003125353302
14286.699468868894,5.387141579513157
14287.23716048561,5.385313667729216
14287.795144487602,5.383494779384929
14301.924071308189,5.386788727423046
14316.128307244611,5.3901085494143866
14324.024015531366,5.3910515677573825
14324.654318771936,5.389260466054152
14325.287880735115,5.387471937094816
14326.3461577212,5.38584442019594
14348.351111604527,5.3920898577995215
14356.291297841995,5.393047069061606
14370.574317335113,5.396385398924188
14392.70950058583,5.402668731451137
14407.117758965624,5.406047939574343
14407.772008992171,5.4042655697645055
14408.869718229824,5.402650812984561
14431.093542398783,5.408955600599244
14453.35565791309,5.415270010458258
14454.104949237595,5.4135224528979755
14462.088160286163,5.41448452275783
14470.113584403573,5.41546167080972
14484.562150172049,5.4188410587998685
14492.716696265557,5.419864134729079
14515.061811284218,5.426191331321204
14537.523974472235,5.432557539040446
14560.115376716978,5.43896726810496
14574.608708024332,5.442348285296614
14597.239128163583,5.448764138918844
14611.84679628364,5.452181640404343
14634.605778195208,5.4586369929859035
14635.393144175361,5.456895281198867
14636.148229501263,5.4551428361913015
14637.331990728673,5.453551412343023
14660.165574768165,5.460024422632464
14661.047650656876,5.458320048643662
14662.008075128886,5.456646101648264
14663.101229711625,5.455022778910575
14686.063406821944,5.461533435039771
14686.390104821572,5.459624574283112
14709.391488701855,5.466143251096936
14717.62735462947,5.467172122819268
14725.975147717269,5.468241792691151
14726.764096790093,5.466504861466256
14749.884524939744,5.473055482352409
