,time,id,x,y,speed,east,north,coor,sinr,site
0,0,1,1865.2,1215.56,8.83,386112,6671780,3861126671780,10.8245,3
1,1,1,1865.43,1207.07,8.59,386112,6671771,3861126671771,10.8084,3
2,2,1,1865.65,1198.86,8.22,386113,6671763,3861136671763,10.3108,3
3,3,1,1865.88,1190.78,8.08,386113,6671755,3861136671755,11.7777,3
4,4,1,1866.11,1182.11,8.78,386113,6671746,3861136671746,11.3356,3
5,5,1,1866.27,1176.74,8.11,386113,6671741,3861136671741,10.5505,3
6,6,1,1866.48,1168.85,7.9,386114,6671733,3861146671733,9.2188,3
7,7,1,1866.7,1160.84,8.12,386114,6671725,3861146671725,7.8291,3
8,8,1,1866.91,1153.17,7.67,386114,6671718,3861146671718,6.8991,4
9,8,4,1620.35,1214.11,7.82,385867,6671778,3858676671778,5.4474,3
10,9,1,1867.11,1145.75,7.63,386114,6671710,3861146671710,7.8876,4
11,9,4,1616.26,1219.7,6.93,385863,6671784,3858636671784,5.9742,3
12,10,1,1867.3,1138.69,7.96,386114,6671703,3861146671703,8.6225,4
13,10,4,1611.88,1225.68,7.41,385859,6671790,3858596671790,7.1999,3
14,11,1,1867.55,1129.86,8.83,386115,6671694,3861156671694,9.4151,4
15,11,4,1608.0,1231.07,6.67,385855,6671795,3858556671795,6.7065,3
16,12,1,1867.72,1123.32,6.75,386115,6671688,3861156671688,9.7110,4
17,12,4,1603.88,1236.89,7.14,385851,6671801,3858516671801,6.8500,3
18,13,1,1867.94,1115.59,7.9,386115,6671680,3861156671680,10.1599,4
19,13,4,1599.89,1242.57,6.94,385847,6671807,3858476671807,6.7359,3
20,14,1,1868.19,1107.57,8.02,386115,6671672,3861156671672,10.7633,4
21,14,4,1595.74,1248.48,7.22,385843,6671813,3858436671813,5.3719,3
22,15,1,1868.47,1099.41,8.26,386116,6671664,3861166671664,11.2012,4
23,15,4,1591.35,1254.74,7.66,385838,6671819,3858386671819,4.4325,3
24,16,1,1868.72,1091.83,7.59,386116,6671656,3861166671656,11.8730,4
25,16,4,1587.09,1260.81,7.42,385834,6671825,3858346671825,3.9170,3
26,17,1,1868.97,1084.2,7.74,386116,6671649,3861166671649,11.9317,4
27,17,4,1583.01,1266.62,7.1,385830,6671831,3858306671831,3.2365,3
28,18,1,1869.24,1075.96,8.25,386116,6671640,3861166671640,10.9924,4
29,18,4,1578.72,1272.75,7.48,385826,6671837,3858266671837,2.5033,3
30,19,1,1869.49,1068.62,7.44,386117,6671633,3861176671633,8.9605,4
31,19,4,1576.38,1276.05,3.98,385823,6671840,3858236671840,2.1092,3
32,19,6,956.84,544.95,8.42,385204,6671109,3852046671109,15.9749,11
33,20,1,1869.63,1064.62,4.0,386117,6671629,3861176671629,9.1123,4
34,20,4,1576.09,1276.43,0.48,385823,6671841,3858236671841,1.9065,3
35,20,6,963.81,549.56,8.32,385211,6671114,3852116671114,22.3335,11
36,21,1,1869.8,1059.21,5.41,386117,6671624,3861176671624,11.0399,4
37,21,4,1575.96,1276.6,0.22,385823,6671841,3858236671841,1.9065,3
38,21,6,970.45,553.96,7.93,385218,6671118,3852186671118,26.1593,11
39,22,1,1870.04,1052.05,7.17,386117,6671616,3861176671616,10.3515,4
40,22,4,1575.89,1276.69,0.12,385823,6671841,3858236671841,1.9065,3
41,22,6,976.44,557.92,7.16,385223,6671122,3852236671122,26.3249,11
42,23,1,1870.29,1044.15,7.99,386117,6671608,3861176671608,10.1638,4
43,23,4,1575.83,1276.77,0.09,385823,6671841,3858236671841,1.9065,3
44,23,6,982.68,562.04,7.44,385230,6671126,3852306671126,26.2775,11
45,24,1,1870.52,1035.91,8.24,386118,6671600,3861186671600,9.7279,4
46,24,4,1575.83,1276.77,0.0,385823,6671841,3858236671841,1.9065,3
47,24,6,988.69,566.02,7.18,385236,6671130,3852366671130,26.6201,11
48,25,1,1870.74,1027.97,8.05,386118,6671592,3861186671592,10.2110,4
49,25,4,1575.83,1276.77,0.0,385823,6671841,3858236671841,1.9065,3
50,25,6,995.32,570.4,7.92,385242,6671135,3852426671135,17.0128,11
51,26,1,1870.97,1019.88,8.19,386118,6671584,3861186671584,11.7939,4
52,26,2,1782.73,560.32,6.92,386030,6671125,3860306671125,12.7131,6
53,26,4,1575.83,1276.77,0.0,385823,6671841,3858236671841,1.9065,3
54,26,6,1001.98,574.8,7.95,385249,6671139,3852496671139,17.6261,11
55,26,7,2041.54,1307.11,8.58,386289,6671871,3862896671871,11.1456,3
56,27,1,1871.18,1012.11,7.77,386118,6671576,3861186671576,11.1555,4
57,27,2,1782.59,565.96,5.64,386030,6671130,3860306671130,13.1961,6
58,27,4,1575.83,1276.77,0.0,385823,6671841,3858236671841,1.9065,3
59,27,6,1007.97,578.76,7.16,385255,6671143,3852556671143,17.7666,11
60,27,7,2033.51,1306.91,8.04,386281,6671871,3862816671871,21.9191,3
61,28,0,1304.04,1618.19,8.71,385551,6672183,3855516672183,9.9635,10
62,28,1,1871.39,1004.48,7.63,386118,6671569,3861186671569,10.3024,4
63,28,2,1782.42,572.78,6.82,386029,6671137,3860296671137,13.6798,6
64,28,4,1575.83,1276.77,0.0,385823,6671841,3858236671841,1.9065,3
65,28,6,1014.31,582.96,7.57,385261,6671147,3852616671147,17.7154,11
66,28,7,2025.93,1306.73,7.58,386273,6671871,3862736671871,21.7491,3
67,29,0,1311.23,1613.34,8.07,385558,6672178,3855586672178,10.6207,10
68,29,1,1871.62,996.21,8.27,386119,6671561,3861196671561,9.0901,4
69,29,2,1782.26,579.37,6.59,386029,6671144,3860296671144,14.3561,6
70,29,4,1575.83,1276.77,0.0,385823,6671841,3858236671841,1.9065,3
71,29,6,1019.74,588.69,7.95,385267,6671153,3852676671153,17.4040,11
72,29,7,2017.97,1306.53,7.96,386265,6671871,3862656671871,22.6156,3
73,30,0,1315.49,1607.11,7.55,385563,6672171,3855636672171,11.0621,10
74,30,1,1871.84,988.42,7.79,386119,6671553,3861196671553,6.6610,4
75,30,2,1782.1,585.49,6.11,386029,6671150,3860296671150,14.7073,6
76,30,4,1575.83,1276.77,0.0,385823,6671841,3858236671841,1.9065,3
77,30,6,1024.2,594.3,7.14,385271,6671159,3852716671159,17.0444,11
78,30,7,2009.77,1306.33,8.21,386257,6671871,3862576671871,22.2886,3
79,31,0,1320.41,1599.92,8.71,385567,6672164,3855676672164,10.7893,10
80,31,1,1872.06,980.47,7.95,386119,6671545,3861196671545,12.8345,12
81,31,2,1781.96,591.26,5.77,386029,6671156,3860296671156,14.8624,6
82,31,4,1575.83,1276.77,0.0,385823,6671841,3858236671841,1.9065,3
83,31,6,1028.8,600.08,7.36,385276,6671164,3852766671164,17.3731,11
84,31,7,2001.24,1306.13,8.53,386248,6671870,3862486671870,22.3254,3
85,32,0,1325.09,1593.09,8.28,385572,6672157,3855726672157,10.5502,10
86,32,1,1872.1,974.11,6.35,386119,6671538,3861196671538,20.6207,12
87,32,2,1781.81,597.13,5.87,386029,6671161,3860296671161,16.8849,6
88,32,4,1575.83,1276.77,0.0,385823,6671841,3858236671841,1.9065,3
89,32,6,1033.54,606.03,7.57,385281,6671170,3852816671170,17.9436,11
90,32,7,1993.3,1305.95,7.95,386240,6671870,3862406671870,22.1039,3
91,33,0,1329.91,1586.04,8.54,385577,6672150,3855776672150,9.5063,10
92,33,1,1872.06,965.46,8.66,386119,6671530,3861196671530,21.1517,12
93,33,2,1781.66,603.09,5.97,386029,6671167,3860296671167,26.0000,6
94,33,4,1575.83,1276.77,0.0,385823,6671841,3858236671841,1.9065,3
95,33,6,1038.42,612.15,7.8,385285,6671176,3852856671176,18.6346,11
96,33,7,1985.78,1305.8,7.51,386233,6671870,3862336671870,16.9316,3
97,34,0,1334.51,1579.31,8.15,385582,6672144,3855826672144,7.9242,10
98,34,1,1871.44,957.01,8.47,386118,6671521,3861186671521,19.2490,12
99,34,2,1781.51,609.28,6.19,386029,6671174,3860296671174,25.8778,6
100,34,4,1575.83,1276.77,0.0,385823,6671841,3858236671841,1.9065,3
101,34,6,1043.67,618.75,8.4,385291,6671183,3852916671183,18.9663,11
102,34,7,1977.38,1305.59,8.41,386224,6671870,3862246671870,14.7986,3
103,35,0,1339.33,1572.27,8.53,385586,6672137,3855866672137,6.3365,10
104,35,1,1871.16,949.22,7.81,386118,6671514,3861186671514,5.9717,12
105,35,2,1781.36,615.25,5.97,386028,6671180,3860286671180,25.3958,6
106,35,4,1575.83,1276.77,0.0,385823,6671841,3858236671841,1.9065,3
107,35,6,1048.41,624.7,7.58,385295,6671189,3852956671189,19.3695,11
108,35,7,1968.87,1305.34,8.51,386216,6671870,3862166671870,15.5202,3
109,36,0,1346.72,1566.81,8.69,385594,6672131,3855946672131,17.5812,5
110,36,1,1871.29,940.74,8.48,386118,6671505,3861186671505,5.1934,12
111,36,2,1781.25,621.07,5.83,386028,6671185,3860286671185,25.3442,6
112,36,4,1575.83,1276.77,0.0,385823,6671841,3858236671841,1.9065,3
113,36,6,1053.44,630.91,8.0,385300,6671195,3853006671195,19.8673,11
114,36,7,1960.48,1305.09,8.4,386208,6671869,3862086671869,15.6252,3
115,37,0,1351.72,1559.95,8.62,385599,6672124,3855996672124,12.3750,5
116,37,1,1871.4,933.2,7.55,386118,6671498,3861186671498,12.1264,12
117,37,2,1781.07,627.83,6.75,386028,6671192,3860286671192,25.3800,6
118,37,3,1225.4,527.02,7.88,385472,6671091,3854726671091,4.2513,9
119,37,4,1574.32,1278.78,2.53,385821,6671843,3858216671843,1.5718,3
120,37,6,1058.19,636.58,7.45,385305,6671201,3853056671201,20.5290,11
121,37,7,1952.56,1304.85,7.92,386200,6671869,3862006671869,24.5514,3
122,38,0,1356.04,1554.7,7.45,385603,6672119,3856036672119,7.2222,10
123,38,1,1871.53,925.08,8.11,386119,6671489,3861196671489,5.7816,12
124,38,2,1780.88,634.19,6.37,386028,6671199,3860286671199,25.3771,6
125,38,3,1231.96,531.29,7.84,385479,6671096,3854796671096,4.7753,9
126,38,4,1571.76,1282.29,4.39,385819,6671847,3858196671847,1.4999,8
127,38,6,1063.65,642.89,8.34,385311,6671207,3853116671207,21.5594,11
128,38,7,1945.13,1304.63,7.44,386192,6671869,3861926671869,24.7320,3
129,39,0,1360.79,1547.59,8.31,385608,6672112,3856086672112,5.6124,5
130,39,1,1871.62,918.79,6.3,386119,6671483,3861196671483,4.6252,12
131,39,2,1780.71,640.15,5.96,386028,6671204,3860286671204,25.3407,6
132,39,3,1239.55,536.12,8.99,385487,6671100,3854876671100,4.9283,9
133,39,4,1568.08,1287.54,6.41,385815,6671852,3858156671852,13.0114,8
134,39,6,1068.51,648.52,7.44,385316,6671213,3853166671213,23.4403,11
135,39,7,1936.72,1304.4,8.41,386184,6671869,3861846671869,24.6661,3
136,40,0,1365.28,1541.47,7.57,385612,6672106,3856126672106,7.6384,5
137,40,1,1871.83,910.49,8.4,386119,6671475,3861196671475,4.0013,4
138,40,2,1780.52,646.62,6.47,386028,6671211,3860286671211,25.2486,6
139,40,3,1246.83,540.76,8.63,385494,6671105,3854946671105,5.0885,9
140,40,4,1563.78,1293.67,7.51,385811,6671858,3858116671858,1.9019,8
141,40,5,1523.78,1269.97,7.38,385771,6671834,3857716671834,4.7611,8
142,40,6,1073.33,654.1,7.37,385320,6671218,3853206671218,23.9341,11
143,40,7,1928.49,1304.19,8.23,386176,6671869,3861766671869,24.1128,3
144,41,0,1370.24,1534.66,8.41,385617,6672099,3856176672099,8.3136,5
145,41,1,1873.12,901.84,8.76,386120,6671466,3861206671466,6.5812,4
146,41,2,1780.34,653.32,6.7,386027,6671218,3860276671218,25.1846,6
147,41,3,1253.66,545.11,8.1,385501,6671109,3855016671109,4.9538,9
148,41,4,1559.36,1300.0,7.7,385806,6671864,3858066671864,2.4060,3
149,41,5,1518.1,1266.3,6.76,385765,6671831,3857656671831,4.5712,8
150,41,6,1078.79,660.41,8.34,385326,6671225,3853266671225,24.7124,11
151,41,7,1920.03,1303.98,8.46,386167,6671868,3861676671868,23.8162,3
152,42,0,1374.92,1528.32,7.9,385622,6672093,3856226672093,5.7741,10
153,42,1,1873.55,894.14,8.02,386121,6671458,3861216671458,6.8460,4
154,42,2,1780.17,659.4,6.09,386027,6671224,3860276671224,22.1303,6
155,42,3,1260.81,549.66,8.48,385508,6671114,3855086671114,4.9129,9
156,42,4,1554.91,1306.18,7.61,385802,6671871,3858026671871,3.6429,3
157,42,5,1512.23,1262.52,6.99,385759,6671827,3857596671827,4.5224,8
158,42,6,1083.64,666.03,7.43,385331,6671230,3853316671230,24.4277,11
159,42,7,1912.54,1303.79,7.5,386160,6671868,3861606671868,23.9034,3
160,43,0,1379.61,1522.01,7.85,385627,6672086,3856276672086,7.4385,10
161,43,1,1873.79,885.33,8.82,386121,6671450,3861216671450,6.8701,4
162,43,2,1779.98,665.78,6.38,386027,6671230,3860276671230,16.6950,6
163,43,3,1267.74,554.07,8.21,385515,6671118,3855156671118,5.2374,9
164,43,4,1551.11,1311.51,6.55,385798,6671876,3857986671876,2.2554,10
165,43,5,1507.09,1259.21,6.11,385754,6671824,3857546671824,4.9242,8
166,43,6,1088.67,671.85,7.7,385336,6671236,3853366671236,23.9158,11
167,43,7,1904.88,1303.6,7.67,386152,6671868,3861526671868,24.9741,3
168,44,0,1384.23,1515.63,7.87,385631,6672080,3856316672080,8.5989,10
169,44,1,1874.03,876.7,8.63,386121,6671441,3861216671441,7.2711,4
170,44,2,1779.81,671.7,5.92,386027,6671236,3860276671236,16.8285,6
171,44,3,1274.39,558.31,7.88,385521,6671123,3855216671123,5.8150,9
172,44,4,1546.87,1317.47,7.31,385794,6671882,3857946671882,3.2016,10
173,44,5,1501.5,1255.6,6.65,385749,6671820,3857496671820,5.1578,8
174,44,6,1094.14,678.18,8.36,385341,6671243,3853416671243,25.9636,11
175,44,7,1897.14,1303.39,7.73,386144,6671868,3861446671868,25.5712,3
176,45,0,1388.94,1508.89,8.2,385636,6672073,3856366672073,8.7115,10
177,45,1,1874.26,868.19,8.52,386121,6671433,3861216671433,7.7051,4
178,45,2,1779.64,677.88,6.18,386027,6671242,3860276671242,16.9465,6
179,45,3,1281.3,562.71,8.19,385528,6671127,3855286671127,6.3710,9
180,45,4,1542.9,1323.03,6.83,385790,6671887,3857906671887,3.9078,10
181,45,5,1495.51,1251.7,7.14,385743,6671816,3857436671816,5.2783,8
182,45,6,1099.09,683.9,7.57,385346,6671248,3853466671248,27.7240,11
183,45,7,1888.98,1303.16,8.16,386136,6671868,3861366671868,24.5617,3
184,46,0,1393.41,1502.5,7.79,385640,6672067,3856406672067,7.8060,10
185,46,1,1874.49,859.54,8.65,386122,6671424,3861226671424,8.3026,4
186,46,2,1779.44,684.74,6.85,386026,6671249,3860266671249,17.1131,6
187,46,3,1288.36,567.21,8.37,385535,6671132,3855356671132,6.8783,9
188,46,4,1538.51,1329.18,7.57,385786,6671894,3857866671894,4.4904,10
189,46,5,1489.53,1247.77,7.16,385737,6671812,3857376671812,5.3835,8
190,46,6,1104.31,689.95,7.99,385351,6671254,3853516671254,26.1357,11
191,46,7,1880.56,1302.92,8.42,386128,6671867,3861286671867,21.8028,3
192,47,0,1397.9,1496.1,7.82,385645,6672060,3856456672060,8.0965,10
193,47,1,1874.72,851.27,8.27,386122,6671416,3861226671416,8.1244,4
194,47,2,1779.26,690.81,6.08,386026,6671255,3860266671255,17.2399,6
195,47,3,1293.1,570.24,5.62,385540,6671135,3855406671135,6.6873,9
196,47,4,1536.09,1335.8,7.48,385783,6671900,3857836671900,4.5803,10
197,47,5,1483.78,1243.98,6.89,385731,6671808,3857316671808,5.6702,8
198,47,6,1109.26,695.67,7.57,385356,6671260,3853566671260,26.0892,11
199,47,7,1872.5,1302.69,8.16,386120,6671867,3861206671867,11.6851,3
200,48,0,1402.41,1489.69,7.84,385649,6672054,3856496672054,9.0345,10
201,48,1,1874.94,843.09,8.19,386122,6671407,3861226671407,8.3731,4
202,48,2,1779.07,697.18,6.37,386026,6671262,3860266671262,17.4299,6
203,48,3,1299.24,575.48,8.14,385546,6671140,3855466671140,6.2297,9
204,48,4,1533.1,1341.8,6.69,385780,6671906,3857806671906,4.4757,10
205,48,5,1478.6,1240.57,6.21,385726,6671805,3857266671805,5.6954,8
206,48,6,1114.24,701.21,7.68,385361,6671266,3853616671266,24.8690,11
207,48,7,1864.72,1302.48,7.79,386112,6671867,3861126671867,8.2858,3
208,49,0,1407.21,1482.94,8.3,385654,6672047,3856546672047,10.4521,10
209,49,1,1875.16,834.82,8.26,386122,6671399,3861226671399,7.1377,4
210,49,2,1778.82,704.04,6.87,386026,6671268,3860266671268,17.6229,6
211,49,3,1305.5,580.51,8.08,385553,6671145,3855536671145,6.5325,9
212,49,4,1529.38,1347.79,6.99,385776,6671912,3857766671912,4.4595,10
213,49,5,1472.69,1236.67,7.08,385720,6671801,3857206671801,6.6593,8
214,49,6,1120.28,706.51,8.07,385367,6671271,3853676671271,20.8958,11
215,49,7,1856.63,1302.31,8.11,386104,6671867,3861046671867,20.4519,3
216,50,0,1411.87,1476.48,7.97,385659,6672041,3856596672041,9.5385,10
217,50,1,1875.38,826.63,8.2,386122,6671391,3861226671391,6.1333,12
218,50,2,1778.59,710.7,6.66,386026,6671275,3860266671275,17.8448,6
219,50,3,1312.59,585.14,8.47,385560,6671149,3855606671149,8.5696,9
220,50,4,1525.25,1353.65,7.09,385772,6671918,3857726671918,4.1499,10
221,50,5,1467.49,1233.25,6.23,385715,6671798,3857156671798,6.2406,8
222,50,6,1126.24,711.73,7.95,385373,6671276,3853736671276,17.0464,11
223,50,7,1848.88,1302.15,7.75,386096,6671866,3860966671866,26.9015,3
224,51,0,1416.49,1470.08,7.89,385664,6672034,3856646672034,10.9159,10
225,51,1,1875.57,820.07,6.66,386123,6671384,3861236671384,4.9386,4
226,51,2,1778.35,717.53,6.84,386025,6671282,3860256671282,18.1929,6
227,51,3,1319.5,589.64,8.24,385567,6671154,3855676671154,8.7964,9
228,51,4,1520.78,1359.98,7.67,385768,6671924,3857686671924,3.4998,10
229,51,5,1461.83,1229.5,6.79,385709,6671794,3857096671794,14.0383,2
230,51,6,1132.42,716.34,7.74,385379,6671281,3853796671281,14.9899,11
231,51,7,1840.57,1301.99,8.32,386088,6671866,3860886671866,25.9811,3
232,52,0,1421.22,1463.53,8.09,385668,6672028,3856686672028,12.1963,10
233,52,1,1875.77,811.63,8.44,386123,6671376,3861236671376,5.3280,4
234,52,2,1778.11,724.17,6.65,386025,6671289,3860256671289,18.4857,6
235,52,3,1326.65,594.29,8.53,385574,6671159,3855746671159,8.4326,9
236,52,4,1516.6,1365.91,7.17,385764,6671930,3857646671930,2.6489,10
237,52,5,1455.92,1225.63,7.07,385703,6671790,3857036671790,12.1975,2
238,52,6,1139.09,720.93,8.13,385386,6671285,3853866671285,13.6558,11
239,52,7,1832.11,1301.82,8.56,386079,6671866,3860796671866,26.6041,3
240,53,0,1426.14,1456.7,8.4,385673,6672021,3856736672021,12.8764,10
241,53,1,1876.0,803.42,8.22,386123,6671368,3861236671368,6.1360,4
242,53,2,1777.08,730.59,6.56,386024,6671295,3860246671295,18.6643,6
243,53,3,1334.1,599.14,8.89,385581,6671163,3855816671163,8.9367,9
244,53,4,1512.32,1371.94,7.3,385759,6671936,3857596671936,2.8565,10
245,53,5,1450.26,1221.94,6.77,385697,6671786,3856976671786,11.2490,2
246,53,6,1145.87,725.59,8.26,385393,6671290,3853936671290,12.1201,11
247,53,7,1824.24,1301.67,7.87,386071,6671866,3860716671866,27.7298,3
248,54,0,1431.06,1449.63,8.58,385678,6672014,3856786672014,13.5014,10
249,54,1,1876.31,795.69,7.74,386123,6671360,3861236671360,7.5417,4
250,54,2,1777.09,736.62,6.04,386024,6671301,3860246671301,19.9692,6
251,54,3,1341.58,604.01,8.93,385589,6671168,3855896671168,8.0571,9
252,54,4,1508.43,1377.28,6.58,385755,6671942,3857556671942,6.0654,10
253,54,5,1444.97,1218.59,6.25,385692,6671783,3856926671783,9.4431,8
254,54,6,1152.67,730.27,8.28,385400,6671295,3854006671295,10.4172,11
255,54,7,1816.19,1301.51,8.05,386063,6671866,3860636671866,27.2517,3
256,55,0,1435.28,1443.39,7.55,385682,6672008,3856826672008,14.0034,10
257,55,1,1876.61,788.16,7.53,386124,6671353,3861246671353,9.4110,4
258,55,2,1776.84,743.45,6.84,386024,6671308,3860246671308,26.2648,6
259,55,3,1348.41,608.46,8.14,385595,6671173,3855956671173,9.9023,9
260,55,4,1504.3,1382.53,6.69,385751,6671947,3857516671947,10.6054,10
261,55,5,1439.43,1214.99,6.61,385686,6671779,3856866671779,10.2776,2
262,55,6,1159.3,734.84,8.06,385406,6671299,3854066671299,9.0035,11
263,55,7,1808.62,1301.36,7.57,386056,6671866,3860566671866,27.7339,3
264,56,0,1440.21,1436.27,8.67,385687,6672001,3856876672001,14.4670,10
265,56,1,1876.91,780.55,7.62,386124,6671345,3861246671345,9.4879,4
266,56,2,1776.62,749.31,5.85,386024,6671314,3860246671314,26.3458,6
267,56,3,1355.85,613.31,8.89,385603,6671178,3856036671178,11.0354,9
268,56,4,1499.29,1386.99,7.0,385746,6671951,3857466671951,7.9143,10
269,56,5,1433.32,1211.04,7.27,385680,6671775,3856806671775,8.0176,2
270,56,6,1165.88,739.36,7.99,385413,6671304,3854136671304,9.4978,11
271,56,7,1800.87,1301.2,7.75,386048,6671866,3860486671866,28.4567,3
272,57,0,1445.19,1429.25,8.64,385692,6671994,3856926671994,15.4427,10
273,57,1,1877.21,772.95,7.61,386124,6671337,3861246671337,5.4627,6
274,57,2,1776.24,753.56,4.27,386023,6671318,3860236671318,26.3926,6
275,57,3,1362.79,617.82,8.27,385610,6671182,3856106671182,11.6456,9
276,57,4,1495.84,1391.75,5.89,385743,6671956,3857436671956,6.8217,10
277,57,5,1428.2,1207.71,6.21,385675,6671772,3856756671772,7.8348,2
278,57,6,1172.17,743.68,7.63,385419,6671308,3854196671308,9.5453,11
279,57,7,1793.57,1301.06,7.4,386041,6671865,3860416671865,27.5056,3
280,58,0,1450.14,1422.43,8.43,385697,6671987,3856976671987,15.4282,10
281,58,1,1877.5,765.18,7.87,386125,6671330,3861256671330,6.0807,6
282,58,2,1775.53,759.17,5.66,386023,6671324,3860236671324,26.4794,6
283,58,3,1370.21,622.66,8.86,385617,6671187,3856176671187,12.4877,9
284,58,4,1491.2,1398.01,7.77,385738,6671962,3857386671962,10.7038,10
285,58,5,1422.64,1204.11,6.62,385670,6671768,3856706671768,7.9169,8
286,58,6,1176.74,746.82,5.55,385424,6671311,3854246671311,9.3268,11
287,58,7,1785.07,1297.68,8.57,386032,6671862,3860326671862,24.7515,3
288,59,0,1454.96,1415.79,8.2,385702,6671980,3857026671980,11.9886,10
289,59,1,1877.75,757.14,8.05,386125,6671321,3861256671321,13.8741,6
290,59,2,1775.27,765.69,6.53,386022,6671330,3860226671330,14.8213,6
291,59,3,1377.44,627.36,8.62,385624,6671192,3856246671192,13.1949,9
292,59,4,1486.79,1403.99,7.43,385734,6671968,3857346671968,10.2104,10
293,59,5,1416.54,1200.17,7.27,385664,6671765,3856646671765,6.9090,8
294,59,6,1178.65,748.12,2.36,385426,6671312,3854266671312,9.2404,11
295,59,7,1777.05,1297.52,8.02,386024,6671862,3860246671862,23.7039,3
296,60,0,1459.5,1409.54,7.72,385707,6671974,3857076671974,11.4462,10
297,60,1,1878.0,748.58,8.57,386125,6671313,3861256671313,17.1235,6
298,60,2,1775.05,771.78,6.09,386022,6671336,3860226671336,22.9746,6
299,60,3,1384.77,632.14,8.75,385632,6671196,3856326671196,14.2763,9
300,60,4,1488.05,1402.28,7.45,385735,6671967,3857356671967,10.3814,10
301,60,5,1411.25,1196.73,6.3,385658,6671761,3856586671761,7.1759,8
302,60,6,1178.72,748.17,0.09,385426,6671313,3854266671313,9.2296,11
303,60,7,1769.81,1297.38,7.34,386017,6671862,3860176671862,23.6794,3
304,61,0,1463.91,1403.47,7.5,385711,6671968,3857116671968,12.4218,10
305,61,1,1878.28,740.55,8.03,386125,6671305,3861256671305,6.2342,6
306,61,2,1774.82,778.16,6.39,386022,6671343,3860226671343,25.1860,6
307,61,3,1392.11,636.91,8.75,385639,6671201,3856396671201,15.7698,9
308,61,4,1484.33,1407.66,6.54,385731,6671972,3857316671972,9.5440,10
309,61,5,1406.79,1193.83,6.49,385654,6671758,3856546671758,15.6436,8
310,61,6,1178.72,748.17,0.0,385426,6671313,3854266671313,9.2296,11
311,61,7,1762.4,1297.23,7.41,386009,6671862,3860096671862,13.5341,3
312,62,0,1468.59,1396.94,7.98,385716,6671961,3857166671961,11.0923,10
313,62,1,1878.54,731.84,8.72,386126,6671296,3861266671296,4.8482,6
314,62,2,1774.57,784.66,6.5,386022,6671349,3860226671349,25.1783,6
315,62,3,1398.58,641.13,7.72,385646,6671205,3856466671205,17.8093,9
316,62,4,1480.56,1413.11,6.62,385728,6671977,3857286671977,8.5792,10
317,62,5,1401.16,1190.17,6.72,385648,6671755,3856486671755,14.0579,8
318,62,6,1178.72,748.17,0.0,385426,6671313,3854266671313,9.2296,11
319,62,7,1754.9,1297.06,7.5,386002,6671861,3860026671861,25.4104,3
320,63,0,1472.14,1389.15,8.7,385719,6671953,3857196671953,10.3498,10
321,63,1,1878.78,723.21,8.63,386126,6671288,3861266671288,5.1690,6
322,63,2,1774.35,790.24,5.58,386021,6671355,3860216671355,25.3835,6
323,63,3,1406.12,646.04,9.0,385653,6671210,3856536671210,20.6652,9
324,63,4,1476.83,1418.52,6.57,385724,6671983,3857246671983,6.9736,10
325,63,5,1395.09,1186.23,7.23,385642,6671751,3856426671751,14.1550,8
326,63,6,1178.72,748.17,0.0,385426,6671313,3854266671313,9.2296,11
327,63,7,1746.72,1296.93,8.16,385994,6671861,3859946671861,23.5542,3
328,64,0,1476.65,1382.54,8.0,385724,6671947,3857246671947,9.3542,10
329,64,1,1879.0,715.16,8.04,386126,6671280,3861266671280,5.8193,4
330,64,2,1774.14,796.23,5.99,386021,6671361,3860216671361,25.5370,6
331,64,3,1413.55,650.88,8.87,385661,6671215,3856616671215,33.6364,9
332,64,4,1472.91,1424.19,6.9,385720,6671989,3857206671989,7.9467,10
333,64,5,1388.91,1182.21,7.38,385636,6671747,3856366671747,14.0468,8
334,64,6,1178.72,748.17,0.0,385426,6671313,3854266671313,9.2296,11
335,64,7,1738.77,1296.84,7.96,385986,6671861,3859866671861,23.6211,3
336,65,0,1480.88,1376.27,7.55,385728,6671941,3857286671941,7.2020,10
337,65,1,1879.23,706.56,8.61,386126,6671271,3861266671271,6.8207,4
338,65,2,1773.99,801.39,5.17,386021,6671366,3860216671366,24.6772,6
339,65,3,1420.6,655.51,8.43,385668,6671220,3856686671220,34.5806,9
340,65,4,1469.14,1429.64,6.62,385716,6671994,3857166671994,9.6137,10
341,65,5,1383.8,1178.89,6.09,385631,6671743,3856316671743,16.2369,8
342,65,6,1178.72,748.17,0.0,385426,6671313,3854266671313,9.2296,11
343,65,7,1731.38,1296.75,7.39,385978,6671861,3859786671861,23.5257,3
344,66,0,1483.71,1368.82,8.56,385731,6671933,3857316671933,8.0853,10
345,66,1,1879.46,698.39,8.17,386127,6671263,3861276671263,10.0983,4
346,66,2,1774.48,807.76,6.41,386022,6671372,3860226671372,24.5927,6
347,66,3,1427.7,660.15,8.48,385675,6671224,3856756671224,35.1241,9
348,66,4,1464.84,1435.87,7.57,385712,6672000,3857126672000,11.6392,10
349,66,5,1378.04,1175.14,6.86,385625,6671739,3856256671739,16.2289,8
350,66,6,1178.72,748.17,0.0,385426,6671313,3854266671313,9.2296,11
351,66,7,1724.06,1296.67,7.32,385971,6671861,3859716671861,23.2916,3
352,67,0,1487.63,1361.72,8.1,385735,6671926,3857356671926,9.7833,10
353,67,1,1879.7,689.78,8.61,386127,6671254,3861276671254,10.0742,4
354,67,2,1775.12,813.75,6.03,386022,6671378,3860226671378,24.8730,6
355,67,4,1461.25,1441.33,6.69,385708,6672006,3857086672006,13.3291,10
356,67,5,1372.58,1171.59,6.52,385620,6671736,3856206671736,14.7833,8
357,67,6,1178.72,748.17,0.0,385426,6671313,3854266671313,9.2296,11
358,67,7,1715.77,1296.55,8.3,385963,6671861,3859636671861,24.2682,3
359,68,0,1491.76,1355.43,7.42,385739,6671920,3857396671920,12.0865,10
360,68,1,1879.91,681.94,7.84,386127,6671246,3861276671246,9.8207,4
361,68,2,1774.97,819.47,5.73,386022,6671384,3860226671384,25.4642,6
362,68,4,1457.46,1448.11,7.77,385705,6672012,3857056672012,13.5359,10
363,68,5,1367.54,1168.32,6.11,385615,6671733,3856156671733,16.3727,8
364,68,6,1178.72,748.17,0.0,385426,6671313,3854266671313,9.2296,11
365,68,7,1707.58,1296.44,8.19,385955,6671861,3859556671861,24.0387,3
366,69,0,1496.11,1349.19,7.61,385743,6671914,3857436671914,12.7044,10
367,69,1,1880.13,674.34,7.61,386127,6671239,3861276671239,9.7760,4
368,69,2,1774.77,826.27,6.8,386022,6671391,3860226671391,22.0697,6
369,69,4,1453.69,1454.08,6.96,385701,6672018,3857016672018,16.4155,10
370,69,5,1361.58,1164.47,7.1,385609,6671729,3856096671729,10.6017,8
371,69,6,1178.72,748.17,0.0,385426,6671313,3854266671313,9.2296,11
372,69,7,1699.5,1296.32,8.09,385947,6671861,3859476671861,23.8396,3
373,70,0,1500.72,1342.52,8.12,385748,6671907,3857486671907,12.0199,10
374,70,1,1880.37,666.16,8.18,386127,6671231,3861276671231,9.8257,4
375,70,2,1774.59,832.55,6.28,386022,6671397,3860226671397,25.4571,6
376,70,4,1449.9,1459.75,6.76,385697,6672024,3856976672024,15.1378,10
377,70,5,1355.99,1160.89,6.64,385603,6671725,3856036671725,11.7068,8
378,70,6,1178.72,748.17,0.0,385426,6671313,3854266671313,9.2296,11
379,70,7,1692.17,1296.22,7.42,385939,6671861,3859396671861,23.6543,3
380,71,0,1505.49,1335.6,8.41,385753,6671900,3857536671900,5.7680,10
381,71,1,1880.63,657.34,8.82,386128,6671222,3861286671222,10.0310,4
382,71,2,1774.4,839.3,6.76,386021,6671404,3860216671404,26.0534,6
383,71,4,1445.16,1465.83,7.63,385692,6672030,3856926672030,14.2924,10
384,71,5,1350.85,1157.61,6.19,385598,6671722,3855986671722,11.9556,8
385,71,6,1178.72,748.17,0.0,385426,6671313,3854266671313,9.2296,11
386,71,7,1684.74,1296.11,7.43,385932,6671860,3859326671860,23.6051,3
387,72,0,1510.29,1328.65,8.54,385757,6671893,3857576671893,4.5036,10
388,72,1,1880.85,649.57,7.78,386128,6671214,3861286671214,9.8247,4
389,72,2,1774.25,844.32,5.74,386021,6671409,3860216671409,26.1503,6
390,72,4,1440.83,1470.79,6.52,385688,6672035,3856886672035,13.1257,10
391,72,5,1345.0,1153.86,6.95,385592,6671718,3855926671718,12.5285,8
392,72,6,1178.72,748.17,0.0,385426,6671313,3854266671313,9.2296,11
393,72,7,1676.99,1296.01,7.75,385924,6671860,3859246671860,23.3991,3
394,73,0,1514.75,1322.17,7.86,385762,6671887,3857626671887,6.2802,10
395,73,1,1881.08,641.78,7.8,386128,6671206,3861286671206,9.6360,4
396,73,2,1774.13,849.17,4.86,386021,6671414,3860216671414,26.0326,6
397,73,4,1436.02,1476.33,7.39,385683,6672041,3856836672041,11.3867,10
398,73,5,1339.56,1150.38,6.56,385587,6671715,3855876671715,11.2821,8
399,73,6,1178.72,748.17,0.0,385426,6671313,3854266671313,9.2296,11
400,73,7,1669.06,1295.91,7.95,385916,6671860,3859166671860,24.0730,3
401,74,0,1519.3,1315.57,8.02,385766,6671880,3857666671880,5.6814,10
402,74,1,1881.31,633.75,8.02,386128,6671198,3861286671198,9.6939,4
403,74,2,1773.93,855.07,5.9,386021,6671419,3860216671419,26.2984,6
404,74,4,1431.65,1481.93,7.15,385679,6672046,3856796672046,10.1018,10
405,74,5,1333.99,1146.81,6.71,385581,6671711,3855816671711,11.9417,8
406,74,6,1178.72,748.17,0.0,385426,6671313,3854266671313,9.2296,11
407,74,7,1661.68,1295.75,7.38,385909,6671860,3859096671860,19.2859,3
408,75,0,1523.89,1308.9,8.2,385771,6671873,3857716671873,4.7694,10
409,75,1,1881.57,625.48,8.27,386129,6671190,3861296671190,9.9038,4
410,75,2,1773.7,861.75,6.69,386021,6671426,3860216671426,26.0029,6
411,75,4,1427.38,1488.0,7.47,385674,6672052,3856746672052,8.5196,10
412,75,5,1332.1,1145.61,2.24,385579,6671710,3855796671710,10.2267,8
413,75,6,1178.72,748.17,0.0,385426,6671313,3854266671313,9.2296,11
414,75,7,1654.31,1295.6,7.38,385901,6671860,3859016671860,12.8822,3
415,76,0,1528.11,1302.79,7.42,385775,6671867,3857756671867,4.2232,10
416,76,1,1881.83,617.16,8.33,386129,6671182,3861296671182,10.0229,4
417,76,2,1773.48,868.65,6.9,386021,6671433,3860216671433,14.4988,6
418,76,4,1423.37,1493.66,6.94,385670,6672058,3856706672058,6.9338,10
419,76,5,1331.83,1145.43,0.33,385579,6671710,3855796671710,10.2267,8
420,76,6,1178.72,748.17,0.0,385426,6671313,3854266671313,9.2296,11
421,76,7,1646.13,1295.43,8.18,385893,6671860,3858936671860,11.7212,3
422,77,0,1531.71,1297.57,6.34,385779,6671862,3857796671862,3.7142,10
423,77,1,1882.07,609.35,7.81,386129,6671174,3861296671174,9.0455,4
424,77,2,1773.3,874.32,5.66,386020,6671439,3860206671439,13.5794,6
425,77,4,1419.14,1499.6,7.3,385666,6672064,3856666672064,5.4147,10
426,77,5,1331.71,1145.35,0.15,385579,6671710,3855796671710,10.2267,8
427,77,6,1178.72,748.17,0.0,385426,6671313,3854266671313,9.2296,11
428,77,7,1637.77,1295.27,8.37,385885,6671860,3858856671860,10.5414,3
429,78,0,1533.52,1294.95,3.17,385781,6671859,3857816671859,3.6780,10
430,78,1,1882.33,601.0,8.36,386129,6671165,3861296671165,7.5822,4
431,78,2,1773.11,880.42,6.11,386020,6671445,3860206671445,9.6375,6
432,78,4,1415.32,1504.96,6.58,385662,6672069,3856626672069,7.1154,10
433,78,5,1331.7,1145.35,0.0,385579,6671710,3855796671710,10.2267,8
434,78,6,1178.72,748.17,0.0,385426,6671313,3854266671313,9.2296,11
435,78,7,1629.21,1295.12,8.56,385876,6671859,3858766671859,8.9590,3
436,79,0,1534.02,1294.22,0.89,385781,6671859,3857816671859,3.6780,10
437,79,1,1882.58,593.1,7.9,386130,6671157,3861306671157,7.8120,4
438,79,2,1772.9,887.17,6.75,386020,6671452,3860206671452,8.3037,6
439,79,4,1410.98,1511.06,7.49,385658,6672075,3856586672075,6.7380,10
440,79,5,1331.7,1145.35,0.0,385579,6671710,3855796671710,10.2267,8
441,79,6,1178.72,748.17,0.0,385426,6671313,3854266671313,9.2296,11
442,79,7,1623.95,1295.08,5.22,385871,6671859,3858716671859,7.2152,3
443,80,0,1534.04,1294.19,0.04,385781,6671859,3857816671859,3.6780,10
444,80,1,1882.83,584.97,8.14,386130,6671149,3861306671149,7.7388,4
445,80,2,1772.68,893.95,6.78,386020,6671458,3860206671458,6.5119,6
446,80,4,1407.0,1516.65,6.86,385654,6672081,3856546672081,6.2773,10
447,80,5,1331.7,1145.35,0.0,385579,6671710,3855796671710,10.2267,8
448,80,6,1178.72,748.17,0.0,385426,6671313,3854266671313,9.2296,11
449,80,7,1622.98,1295.08,0.97,385870,6671859,3858706671859,6.8375,3
450,81,0,1534.04,1294.19,0.0,385781,6671859,3857816671859,3.6780,10
451,81,2,1772.54,898.27,4.33,386020,6671463,3860206671463,4.8330,2
452,81,4,1402.79,1522.56,7.25,385650,6672087,3856506672087,7.1720,10
453,81,5,1331.7,1145.35,0.0,385579,6671710,3855796671710,10.2267,8
454,81,6,1178.72,748.17,0.0,385426,6671313,3854266671313,9.2296,11
455,81,7,1622.57,1295.08,0.42,385870,6671859,3858706671859,6.8375,3
456,82,0,1534.78,1293.12,1.33,385782,6671857,3857826671857,3.5186,10
457,82,2,1772.38,903.99,5.72,386019,6671468,3860196671468,5.0201,12
458,82,4,1398.89,1528.04,6.73,385646,6672092,3856466672092,6.9154,10
459,82,5,1329.71,1144.08,2.36,385577,6671708,3855776671708,13.3714,8
460,82,6,1180.12,749.08,1.68,385427,6671313,3854276671313,9.1929,11
461,82,7,1620.26,1295.06,2.32,385867,6671859,3858676671859,6.5998,3
462,83,0,1536.35,1290.78,2.81,385783,6671855,3857836671855,3.2018,10
463,83,2,1772.21,910.52,6.53,386019,6671475,3860196671475,5.1476,12
464,83,4,1394.96,1533.56,6.77,385642,6672098,3856426672098,4.9934,5
465,83,5,1326.33,1141.87,4.02,385573,6671706,3855736671706,9.3394,8
466,83,6,1182.99,750.88,3.39,385430,6671315,3854306671315,9.0467,11
467,83,7,1616.59,1294.94,3.76,385864,6671859,3858646671859,6.3164,3
468,84,0,1536.76,1290.18,0.73,385784,6671855,3857846671855,2.9391,10
469,84,2,1772.01,916.36,5.84,386019,6671481,3860196671481,7.7132,6
470,84,4,1390.61,1539.63,7.47,385638,6672104,3856386672104,6.6757,5
471,84,5,1321.34,1138.6,5.96,385568,6671703,3855686671703,8.5620,8
472,84,6,1188.01,754.03,5.93,385435,6671318,3854356671318,8.7528,11
473,84,7,1611.28,1295.68,5.42,385858,6671860,3858586671860,5.5387,3
474,85,0,1537.01,1289.82,0.44,385784,6671854,3857846671854,2.8074,10
475,85,2,1771.75,922.32,5.96,386019,6671487,3860196671487,4.2712,6
476,85,4,1387.06,1545.17,6.79,385634,6672110,3856346672110,17.4646,5
477,85,5,1316.02,1135.11,6.37,385563,6671699,3855636671699,13.9372,8
478,85,6,1194.77,758.4,8.02,385442,6671323,3854426671323,8.2258,11
479,85,7,1603.98,1295.56,7.35,385851,6671860,3858516671860,4.8841,3
480,86,0,1537.1,1289.69,0.15,385784,6671854,3857846671854,2.8074,10
481,86,2,1771.48,928.36,6.05,386019,6671493,3860196671493,3.6361,6
482,86,4,1383.74,1551.01,6.62,385631,6672115,3856316672115,17.2604,5
483,86,5,1310.84,1131.73,6.19,385558,6671696,3855586671696,15.8492,8
484,86,6,1201.53,762.81,8.07,385449,6671327,3854496671327,7.5859,11
485,86,7,1596.54,1294.27,7.55,385844,6671859,3858446671859,4.4680,3
486,87,0,1537.11,1289.67,0.02,385784,6671854,3857846671854,2.8074,10
487,87,2,1771.19,934.83,6.48,386018,6671499,3860186671499,2.9961,6
488,87,4,1379.28,1557.39,7.68,385626,6672122,3856266672122,16.0660,5
489,87,5,1304.73,1127.74,7.3,385552,6671692,3855526671692,16.5296,8
490,87,6,1208.26,767.19,8.03,385455,6671332,3854556671332,6.9639,11
491,87,7,1588.28,1292.85,8.38,385835,6671857,3858356671857,1.7044,3
492,88,0,1537.11,1289.67,0.0,385784,6671854,3857846671854,2.8074,10
493,88,2,1770.94,940.69,5.87,386018,6671505,3860186671505,2.5501,6
494,88,4,1375.33,1562.9,6.8,385622,6672127,3856226672127,7.3931,10
495,88,5,1298.95,1123.95,6.92,385546,6671688,3855466671688,17.1497,8
496,88,6,1214.93,771.53,7.96,385462,6671336,3854626671336,6.6787,2
497,88,7,1580.69,1291.42,7.73,385828,6671856,3858286671856,3.3378,8
498,89,0,1537.11,1289.67,0.0,385784,6671854,3857846671854,2.8074,10
499,89,2,1770.65,947.23,6.55,386018,6671512,3860186671512,2.2763,3
500,89,4,1372.37,1567.05,5.13,385619,6672131,3856196672131,8.0456,5
501,89,5,1293.34,1120.29,6.7,385540,6671685,3855406671685,13.4380,8
502,89,6,1221.1,775.56,7.38,385468,6671340,3854686671340,7.2535,2
503,89,7,1573.36,1289.92,7.47,385820,6671854,3858206671854,11.5922,8
504,90,0,1537.11,1289.67,0.0,385784,6671854,3857846671854,2.8074,10
505,90,2,1770.39,953.17,5.94,386017,6671518,3860176671518,2.9768,3
506,90,4,1371.91,1567.68,0.79,385619,6672132,3856196672132,6.6939,5
507,90,5,1287.58,1116.52,6.88,385535,6671681,3855356671681,18.2790,8
508,90,6,1227.41,779.67,7.53,385474,6671344,3854746671344,7.7842,2
509,90,7,1568.01,1288.77,8.15,385815,6671853,3858156671853,12.8587,8
510,91,0,1537.11,1289.67,0.0,385784,6671854,3857846671854,2.8074,10
511,91,2,1770.1,959.77,6.61,386017,6671524,3860176671524,3.2891,3
512,91,4,1371.9,1567.7,0.02,385619,6672132,3856196672132,6.6939,5
513,91,5,1282.33,1113.1,6.27,385529,6671677,3855296671677,18.9946,8
514,91,6,1233.39,783.57,7.14,385480,6671348,3854806671348,8.2928,2
515,91,7,1561.51,1287.13,6.8,385809,6671851,3858096671851,12.8462,8
516,92,0,1537.11,1289.67,0.0,385784,6671854,3857846671854,2.8074,10
517,92,2,1769.81,966.5,6.74,386017,6671531,3860176671531,3.4468,3
518,92,4,1371.9,1567.7,0.0,385619,6672132,3856196672132,6.6939,5
519,92,5,1276.41,1109.23,7.07,385523,6671674,3855236671674,14.9697,8
520,92,6,1239.55,787.59,7.35,385487,6671352,3854876671352,8.8817,2
521,92,7,1557.13,1286.91,4.65,385804,6671851,3858046671851,3.3386,8
522,93,0,1537.11,1289.67,0.0,385784,6671854,3857846671854,2.8074,10
523,93,2,1769.51,973.4,6.9,386017,6671538,3860176671538,2.9315,3
524,93,4,1371.9,1567.7,0.0,385619,6672132,3856196672132,6.6939,5
525,93,5,1270.9,1105.63,6.58,385518,6671670,3855186671670,18.7343,8
526,93,6,1246.39,792.03,8.17,385493,6671356,3854936671356,9.4885,2
527,93,7,1552.18,1285.22,5.22,385799,6671850,3857996671850,2.0790,8
528,94,0,1537.11,1289.67,0.0,385784,6671854,3857846671854,2.8074,10
529,94,2,1769.22,980.06,6.67,386016,6671544,3860166671544,4.4391,2
530,94,4,1371.9,1567.7,0.0,385619,6672132,3856196672132,6.6939,5
531,94,5,1265.7,1102.22,6.22,385513,6671667,3855136671667,17.5321,8
532,94,6,1252.55,796.05,7.36,385500,6671360,3855006671360,10.2034,2
533,94,7,1544.82,1282.55,7.71,385792,6671847,3857926671847,1.6982,8
534,95,0,1537.11,1289.67,0.0,385784,6671854,3857846671854,2.8074,10
535,95,2,1769.01,985.88,5.82,386016,6671550,3860166671550,5.2859,2
536,95,4,1371.9,1567.7,0.0,385619,6672132,3856196672132,6.6939,5
537,95,5,1260.14,1098.59,6.63,385507,6671663,3855076671663,19.3193,8
538,95,6,1258.97,800.22,7.66,385506,6671365,3855066671365,10.7633,2
539,95,7,1540.87,1280.6,4.31,385788,6671845,3857886671845,1.6016,8
540,96,0,1537.11,1289.67,0.0,385784,6671854,3857846671854,2.8074,10
541,96,2,1768.78,992.35,6.47,386016,6671557,3860166671557,5.2658,2
542,96,4,1371.9,1567.7,0.0,385619,6672132,3856196672132,6.6939,5
543,96,5,1254.39,1094.83,6.87,385501,6671659,3855016671659,22.3129,8
544,96,6,1265.0,804.15,7.19,385512,6671368,3855126671368,11.2535,2
545,96,7,1539.74,1280.0,1.26,385787,6671844,3857876671844,1.6449,8
546,97,0,1537.11,1289.67,0.0,385784,6671854,3857846671854,2.8074,10
547,97,2,1768.58,998.05,5.7,386016,6671562,3860166671562,4.8201,2
548,97,4,1371.9,1567.7,0.0,385619,6672132,3856196672132,6.6939,5
549,97,5,1249.12,1091.39,6.29,385496,6671656,3854966671656,22.3581,8
550,97,6,1271.03,808.08,7.2,385518,6671372,3855186671372,11.6771,2
551,97,7,1539.72,1279.99,0.02,385787,6671844,3857876671844,1.6449,8
552,98,0,1537.11,1289.67,0.0,385784,6671854,3857846671854,2.8074,10
553,98,2,1768.38,1003.84,5.8,386015,6671568,3860156671568,3.8988,2
554,98,4,1371.9,1567.7,0.0,385619,6672132,3856196672132,6.6939,5
555,98,5,1243.59,1087.77,6.6,385491,6671652,3854916671652,25.1534,8
556,98,6,1277.56,812.33,7.79,385525,6671377,3855256671377,12.3619,2
557,98,7,1539.71,1279.99,0.0,385787,6671844,3857876671844,1.6449,8
558,99,0,1537.11,1289.67,0.0,385784,6671854,3857846671854,2.8074,10
559,99,2,1768.17,1010.16,6.32,386015,6671575,3860156671575,3.2599,3
560,99,4,1371.9,1567.7,0.0,385619,6672132,3856196672132,6.6939,5
561,99,5,1238.07,1084.17,6.59,385485,6671649,3854856671649,22.6358,8
562,99,6,1284.09,816.59,7.8,385531,6671381,3855316671381,12.9371,2
563,99,7,1539.71,1279.99,0.0,385787,6671844,3857876671844,1.6449,8
564,100,0,1537.11,1289.67,0.0,385784,6671854,3857846671854,2.8074,10
565,100,2,1767.96,1016.64,6.48,386015,6671581,3860156671581,3.8533,3
566,100,4,1371.9,1567.7,0.0,385619,6672132,3856196672132,6.6939,5
567,100,5,1232.59,1080.59,6.56,385480,6671645,3854806671645,24.0055,8
568,100,6,1290.53,820.78,7.68,385538,6671385,3855386671385,13.4816,2
569,100,7,1539.71,1279.99,0.0,385787,6671844,3857876671844,1.6449,8
570,101,0,1537.11,1289.67,0.0,385784,6671854,3857846671854,2.8074,10
571,101,2,1767.85,1022.68,6.04,386015,6671587,3860156671587,4.4158,3
572,101,4,1371.9,1567.7,0.0,385619,6672132,3856196672132,6.6939,5
573,101,5,1226.67,1076.72,7.07,385474,6671641,3854746671641,23.2251,8
574,101,6,1297.37,825.23,8.15,385544,6671390,3855446671390,14.1657,2
575,101,7,1539.71,1279.99,0.0,385787,6671844,3857876671844,1.6449,8
576,102,0,1537.11,1289.67,0.0,385784,6671854,3857846671854,2.8074,10
577,102,2,1767.74,1029.34,6.66,386015,6671594,3860156671594,5.0781,3
578,102,4,1371.9,1567.7,0.0,385619,6672132,3856196672132,6.6939,5
579,102,5,1221.14,1073.11,6.7,385468,6671637,3854686671637,21.5856,8
580,102,6,1303.58,829.27,7.41,385551,6671394,3855516671394,14.5019,2
581,102,7,1539.71,1279.99,0.0,385787,6671844,3857876671844,1.6449,8
582,103,0,1537.11,1289.67,0.0,385784,6671854,3857846671854,2.8074,10
583,103,2,1767.64,1034.99,5.66,386015,6671599,3860156671599,5.5523,3
584,103,4,1371.9,1567.7,0.0,385619,6672132,3856196672132,6.6939,5
585,103,5,1215.73,1069.57,6.47,385463,6671634,3854636671634,18.5476,8
586,103,6,1309.99,833.46,8.16,385557,6671398,3855576671398,14.5510,2
587,103,7,1539.71,1279.99,0.0,385787,6671844,3857876671844,1.6449,8
588,104,0,1537.11,1289.67,0.0,385784,6671854,3857846671854,2.8074,10
589,104,2,1767.54,1040.9,5.91,386015,6671605,3860156671605,4.6317,3
590,104,4,1371.9,1567.7,0.0,385619,6672132,3856196672132,6.6939,5
591,104,5,1209.77,1065.67,7.13,385457,6671630,3854576671630,16.2442,8
592,104,6,1316.02,837.42,7.23,385563,6671402,3855636671402,13.5260,2
593,104,7,1539.71,1279.99,0.0,385787,6671844,3857876671844,1.6449,8
594,105,0,1537.11,1289.67,0.0,385784,6671854,3857846671854,2.8074,10
595,105,2,1767.44,1046.72,5.82,386014,6671611,3860146671611,5.0741,3
596,105,4,1371.9,1567.7,0.0,385619,6672132,3856196672132,6.6939,5
597,105,5,1204.33,1062.12,6.5,385451,6671626,3854516671626,14.0628,8
598,105,6,1320.4,840.29,5.25,385567,6671405,3855676671405,10.7887,9
599,105,7,1539.71,1279.99,0.0,385787,6671844,3857876671844,1.6449,8
600,106,0,1537.11,1289.67,0.0,385784,6671854,3857846671854,2.8074,10
601,106,2,1767.34,1052.38,5.67,386014,6671617,3860146671617,5.6864,3
602,106,4,1371.9,1567.7,0.0,385619,6672132,3856196672132,6.6939,5
603,106,5,1199.05,1058.68,6.41,385446,6671623,3854466671623,11.0640,8
604,106,6,1323.77,842.48,4.02,385571,6671407,3855716671407,11.7635,9
605,106,7,1539.71,1279.99,0.0,385787,6671844,3857876671844,1.6449,8
606,107,0,1537.11,1289.67,0.0,385784,6671854,3857846671854,2.8074,10
607,107,2,1767.22,1059.05,6.67,386014,6671623,3860146671623,7.0925,3
608,107,4,1371.9,1567.7,0.0,385619,6672132,3856196672132,6.6939,5
609,107,5,1193.87,1055.27,6.21,385441,6671620,3854416671620,9.7303,8
610,107,6,1323.83,842.51,0.06,385571,6671407,3855716671407,11.7635,9
611,107,7,1539.71,1279.99,0.0,385787,6671844,3857876671844,1.6449,8
612,108,0,1537.11,1289.67,0.0,385784,6671854,3857846671854,2.8074,10
613,108,2,1767.11,1065.65,6.61,386014,6671630,3860146671630,8.4880,3
614,108,4,1371.9,1567.7,0.0,385619,6672132,3856196672132,6.6939,5
615,108,5,1188.15,1051.97,6.77,385435,6671616,3854356671616,7.8640,8
616,108,6,1323.83,842.51,0.01,385571,6671407,3855716671407,11.7635,9
617,108,7,1539.71,1279.99,0.0,385787,6671844,3857876671844,1.6449,8
618,109,0,1537.11,1289.67,0.0,385784,6671854,3857846671854,2.8074,10
619,109,2,1767.01,1071.33,5.68,386014,6671636,3860146671636,8.9133,3
620,109,4,1371.9,1567.7,0.0,385619,6672132,3856196672132,6.6939,5
621,109,5,1182.62,1048.75,6.23,385430,6671613,3854306671613,8.8417,1
622,109,6,1323.83,842.52,0.0,385571,6671407,3855716671407,11.7635,9
623,109,7,1539.71,1279.99,0.0,385787,6671844,3857876671844,1.6449,8
624,110,0,1537.11,1289.67,0.0,385784,6671854,3857846671854,2.8074,10
625,110,2,1766.92,1076.28,4.94,386014,6671641,3860146671641,8.9320,3
626,110,4,1371.9,1567.7,0.0,385619,6672132,3856196672132,6.6939,5
627,110,5,1176.57,1044.73,7.25,385424,6671609,3854246671609,10.6070,1
628,110,6,1323.83,842.52,0.0,385571,6671407,3855716671407,11.7635,9
629,110,7,1539.71,1279.99,0.0,385787,6671844,3857876671844,1.6449,8
630,111,0,1537.11,1289.67,0.0,385784,6671854,3857846671854,2.8074,10
631,111,2,1766.81,1082.59,6.3,386014,6671647,3860146671647,8.2799,3
632,111,4,1371.9,1567.7,0.0,385619,6672132,3856196672132,6.6939,5
633,111,5,1171.03,1041.05,6.64,385418,6671605,3854186671605,12.2751,1
634,111,6,1323.83,842.52,0.0,385571,6671407,3855716671407,11.7635,9
635,111,7,1539.71,1279.99,0.0,385787,6671844,3857876671844,1.6449,8
636,112,0,1537.11,1289.67,0.0,385784,6671854,3857846671854,2.8074,10
637,112,2,1766.7,1088.68,6.1,386014,6671653,3860146671653,8.5881,3
638,112,4,1371.9,1567.7,0.0,385619,6672132,3856196672132,6.6939,5
639,112,5,1165.93,1037.66,6.13,385413,6671602,3854136671602,13.6100,1
640,112,6,1323.83,842.52,0.0,385571,6671407,3855716671407,11.7635,9
641,112,7,1539.71,1279.99,0.0,385787,6671844,3857876671844,1.6449,8
642,113,0,1537.11,1289.67,0.0,385784,6671854,3857846671854,2.8074,10
643,113,2,1766.6,1094.39,5.7,386014,6671659,3860146671659,10.6199,3
644,113,4,1371.9,1567.7,0.0,385619,6672132,3856196672132,6.6939,5
645,113,5,1160.53,1034.07,6.48,385408,6671598,3854086671598,11.8070,1
646,113,6,1323.83,842.52,0.0,385571,6671407,3855716671407,11.7635,9
647,113,7,1539.71,1279.99,0.0,385787,6671844,3857876671844,1.6449,8
648,114,0,1537.11,1289.67,0.0,385784,6671854,3857846671854,2.8074,10
649,114,2,1766.5,1100.16,5.78,386014,6671665,3860146671665,11.4081,3
650,114,4,1371.9,1567.7,0.0,385619,6672132,3856196672132,6.6939,5
651,114,5,1155.38,1030.65,6.18,385402,6671595,3854026671595,16.4671,1
652,114,6,1323.83,842.52,0.0,385571,6671407,3855716671407,11.7635,9
653,114,7,1539.71,1279.99,0.0,385787,6671844,3857876671844,1.6449,8
654,115,0,1537.11,1289.67,0.0,385784,6671854,3857846671854,2.8074,10
655,115,2,1766.39,1106.64,6.48,386013,6671671,3860136671671,11.2332,3
656,115,4,1371.9,1567.7,0.0,385619,6672132,3856196672132,6.6939,5
657,115,5,1149.4,1026.68,7.18,385396,6671591,3853966671591,17.9127,1
658,115,6,1323.83,842.52,0.0,385571,6671407,3855716671407,11.7635,9
659,115,7,1539.71,1279.99,0.0,385787,6671844,3857876671844,1.6449,8
660,116,0,1537.11,1289.67,0.0,385784,6671854,3857846671854,2.8074,10
661,116,2,1766.27,1113.16,6.52,386013,6671678,3860136671678,11.2068,3
662,116,4,1371.9,1567.7,0.0,385619,6672132,3856196672132,6.6939,5
663,116,5,1143.83,1022.97,6.69,385391,6671587,3853916671587,11.8090,1
664,116,6,1323.83,842.52,0.0,385571,6671407,3855716671407,11.7635,9
665,116,7,1539.71,1279.99,0.0,385787,6671844,3857876671844,1.6449,8
666,117,0,1537.11,1289.67,0.0,385784,6671854,3857846671854,2.8074,10
667,117,2,1766.17,1119.23,6.07,386013,6671684,3860136671684,10.9396,3
668,117,4,1371.9,1567.7,0.0,385619,6672132,3856196672132,6.6939,5
669,117,5,1137.78,1018.95,7.26,385385,6671583,3853856671583,13.4475,1
670,117,6,1323.83,842.52,0.0,385571,6671407,3855716671407,11.7635,9
671,117,7,1539.71,1279.99,0.0,385787,6671844,3857876671844,1.6449,8
672,118,0,1537.11,1289.67,0.0,385784,6671854,3857846671854,2.8074,10
673,118,2,1766.06,1125.67,6.45,386013,6671690,3860136671690,12.4216,3
674,118,4,1371.9,1567.7,0.0,385619,6672132,3856196672132,6.6939,5
675,118,5,1132.04,1015.14,6.9,385379,6671579,3853796671579,15.1123,1
676,118,6,1323.83,842.52,0.0,385571,6671407,3855716671407,11.7635,9
677,118,7,1539.71,1279.99,0.0,385787,6671844,3857876671844,1.6449,8
678,119,0,1537.11,1289.67,0.0,385784,6671854,3857846671854,2.8074,10
679,119,2,1765.94,1132.29,6.62,386013,6671697,3860136671697,11.7856,3
680,119,4,1371.9,1567.7,0.0,385619,6672132,3856196672132,6.6939,5
681,119,5,1126.84,1011.68,6.24,385374,6671576,3853746671576,16.4744,1
682,119,6,1323.83,842.52,0.0,385571,6671407,3855716671407,11.7635,9
683,119,7,1539.71,1279.99,0.0,385787,6671844,3857876671844,1.6449,8
684,120,0,1537.11,1289.67,0.0,385784,6671854,3857846671854,2.8074,10
685,120,2,1765.83,1138.8,6.5,386013,6671703,3860136671703,14.0902,3
686,120,4,1371.9,1567.7,0.0,385619,6672132,3856196672132,6.6939,5
687,120,5,1121.1,1007.87,6.9,385368,6671572,3853686671572,19.4913,1
688,120,6,1323.83,842.52,0.0,385571,6671407,3855716671407,11.7635,9
689,120,7,1539.71,1279.99,0.0,385787,6671844,3857876671844,1.6449,8
690,121,0,1537.11,1289.67,0.0,385784,6671854,3857846671854,2.8074,10
691,121,2,1765.72,1144.91,6.11,386013,6671709,3860136671709,12.6362,3
692,121,4,1371.9,1567.7,0.0,385619,6672132,3856196672132,6.6939,5
693,121,5,1115.36,1004.06,6.88,385362,6671568,3853626671568,22.5406,1
694,121,6,1323.83,842.52,0.0,385571,6671407,3855716671407,11.7635,9
695,121,7,1539.71,1279.99,0.0,385787,6671844,3857876671844,1.6449,8
696,122,0,1537.11,1289.67,0.0,385784,6671854,3857846671854,2.8074,10
697,122,2,1765.61,1151.21,6.31,386013,6671716,3860136671716,10.5093,3
698,122,4,1371.9,1567.7,0.0,385619,6672132,3856196672132,6.6939,5
699,122,5,1109.98,1000.48,6.46,385357,6671565,3853576671565,25.2394,1
700,122,6,1323.83,842.52,0.0,385571,6671407,3855716671407,11.7635,9
701,122,7,1539.71,1279.99,0.0,385787,6671844,3857876671844,1.6449,8
702,123,0,1537.11,1289.67,0.0,385784,6671854,3857846671854,2.8074,10
703,123,2,1765.5,1157.73,6.51,386013,6671722,3860136671722,10.0999,3
704,123,4,1371.9,1567.7,0.0,385619,6672132,3856196672132,6.6939,5
705,123,5,1104.35,996.74,6.76,385351,6671561,3853516671561,25.6923,1
706,123,6,1323.83,842.52,0.0,385571,6671407,3855716671407,11.7635,9
707,123,7,1539.71,1279.99,0.0,385787,6671844,3857876671844,1.6449,8
708,124,0,1537.11,1289.67,0.0,385784,6671854,3857846671854,2.8074,10
709,124,2,1765.39,1163.87,6.14,386012,6671728,3860126671728,9.8256,3
710,124,4,1371.9,1567.7,0.0,385619,6672132,3856196672132,6.6939,5
711,124,5,1101.16,994.61,7.08,385348,6671559,3853486671559,26.5141,1
712,124,6,1323.83,842.52,0.0,385571,6671407,3855716671407,11.7635,9
713,124,7,1539.71,1279.99,0.0,385787,6671844,3857876671844,1.6449,8
714,125,0,1537.11,1289.67,0.0,385784,6671854,3857846671854,2.8074,10
715,125,2,1765.28,1170.16,6.3,386012,6671735,3860126671735,9.3338,3
716,125,4,1371.9,1567.7,0.0,385619,6672132,3856196672132,6.6939,5
717,125,5,1096.08,991.24,6.1,385343,6671556,3853436671556,28.9426,1
718,125,6,1323.83,842.52,0.0,385571,6671407,3855716671407,11.7635,9
719,125,7,1539.71,1279.99,0.0,385787,6671844,3857876671844,1.6449,8
720,126,0,1537.11,1289.67,0.0,385784,6671854,3857846671854,2.8074,10
721,126,2,1765.17,1176.6,6.48,386012,6671741,3860126671741,9.9370,3
722,126,4,1371.9,1567.7,0.0,385619,6672132,3856196672132,6.6939,5
723,126,5,1090.69,987.66,6.47,385338,6671552,3853386671552,27.4608,1
724,126,6,1323.83,842.52,0.0,385571,6671407,3855716671407,11.7635,9
725,126,7,1539.71,1279.99,0.0,385787,6671844,3857876671844,1.6449,8
726,127,0,1541.12,1289.51,2.41,385788,6671854,3857886671854,1.4041,10
727,127,2,1765.06,1182.91,6.37,386012,6671747,3860126671747,10.3997,3
728,127,4,1370.6,1569.59,2.29,385618,6672134,3856186672134,8.3117,10
729,127,5,1084.91,983.78,6.92,385332,6671548,3853326671548,28.1179,1
730,127,6,1325.05,843.31,1.45,385572,6671408,3855726671408,8.9397,9
731,127,7,1538.03,1279.11,1.83,385785,6671843,3857856671843,1.6211,8
732,128,0,1543.53,1286.16,4.19,385791,6671851,3857916671851,1.4248,8
733,128,2,1764.95,1189.41,6.5,386012,6671754,3860126671754,10.9342,3
734,128,4,1368.27,1572.99,4.13,385615,6672137,3856156672137,10.2869,10
735,128,5,1079.91,980.28,6.11,385327,6671545,3853276671545,28.2043,1
736,128,6,1328.28,845.4,3.85,385575,6671410,3855756671410,12.3559,2
737,128,7,1535.05,1277.24,3.42,385782,6671842,3857826671842,1.5394,8
738,129,0,1547.09,1281.31,5.99,385794,6671846,3857946671846,1.8835,8
739,129,2,1764.83,1195.74,6.33,386012,6671760,3860126671760,11.0209,3
740,129,4,1365.08,1577.64,5.64,385612,6672142,3856126672142,14.3189,5
741,129,5,1074.04,976.25,7.18,385321,6671541,3853216671541,27.8739,1
742,129,6,1332.79,848.32,5.37,385580,6671413,3855806671413,15.1563,2
743,129,7,1530.73,1274.44,5.17,385778,6671839,3857786671839,2.3279,8
744,130,0,1551.86,1274.79,8.05,385799,6671839,3857996671839,1.6546,8
745,130,4,1361.15,1583.37,6.95,385608,6672148,3856086672148,7.7917,10
746,130,5,1067.92,972.33,7.26,385315,6671537,3853156671537,27.2202,1
747,130,6,1338.94,852.36,7.34,385586,6671417,3855866671417,17.9260,2
748,130,7,1524.63,1270.51,7.26,385772,6671835,3857726671835,4.5716,8
749,131,0,1556.6,1268.15,8.19,385804,6671832,3858046671832,3.8703,3
750,131,5,1062.29,968.73,6.68,385309,6671533,3853096671533,26.3789,1
751,131,6,1345.43,856.63,7.77,385592,6671421,3855926671421,18.3947,2
752,131,7,1517.53,1265.94,8.45,385765,6671830,3857656671830,4.8446,8
753,132,0,1561.27,1261.83,7.84,385808,6671826,3858086671826,5.5692,3
754,132,5,1056.21,964.74,7.24,385303,6671529,3853036671529,25.4280,1
755,132,6,1351.89,860.88,7.72,385599,6671425,3855996671425,18.8809,2
756,132,7,1511.24,1261.88,7.49,385758,6671826,3857586671826,4.5589,8
757,133,0,1565.6,1255.73,7.48,385813,6671820,3858136671820,6.3074,3
758,133,5,1053.94,963.24,2.74,385301,6671528,3853016671528,26.3373,1
759,133,6,1358.65,865.33,8.1,385606,6671430,3856066671430,19.4772,2
760,133,7,1504.32,1257.42,8.23,385751,6671822,3857516671822,5.0821,8
761,134,0,1570.36,1249.03,8.32,385817,6671813,3858176671813,7.0838,3
762,134,5,1053.93,963.23,0.01,385301,6671528,3853016671528,26.3373,1
763,134,6,1365.29,869.69,7.94,385612,6671434,3856126671434,19.9549,2
764,134,7,1498.04,1253.35,7.48,385745,6671818,3857456671818,5.2063,8
765,135,0,1574.68,1242.94,7.46,385822,6671807,3858226671807,9.2984,3
766,135,5,1053.93,963.23,0.0,385301,6671528,3853016671528,26.3373,1
767,135,6,1371.65,873.87,7.61,385619,6671438,3856196671438,20.4790,2
768,135,7,1491.59,1249.14,7.69,385739,6671813,3857396671813,5.3643,8
769,136,0,1579.62,1235.97,8.54,385827,6671800,3858276671800,7.2504,3
770,136,5,1053.92,963.23,0.0,385301,6671528,3853016671528,26.3373,1
771,136,6,1377.43,877.69,8.03,385624,6671442,3856246671442,20.9755,2
772,136,7,1485.06,1244.83,7.83,385732,6671809,3857326671809,5.6249,8
773,137,0,1584.27,1229.4,8.07,385831,6671794,3858316671794,7.2828,3
774,137,5,1053.92,963.23,0.0,385301,6671528,3853016671528,26.3373,1
775,137,6,1384.22,882.2,8.15,385631,6671447,3856316671447,21.5402,2
776,137,7,1477.96,1240.15,8.5,385725,6671804,3857256671804,6.9233,8
777,138,0,1589.28,1222.89,8.27,385836,6671787,3858366671787,8.2490,3
778,138,5,1053.92,963.23,0.0,385301,6671528,3853016671528,26.3373,1
779,138,6,1390.66,886.47,7.73,385638,6671451,3856386671451,22.2033,2
780,138,7,1471.16,1235.66,8.15,385718,6671800,3857186671800,5.4193,8
781,139,0,1593.02,1215.58,8.3,385840,6671780,3858406671780,6.5399,3
782,139,5,1053.92,963.23,0.0,385301,6671528,3853016671528,26.3373,1
783,139,6,1397.05,890.71,7.67,385644,6671455,3856446671455,22.8823,2
784,140,0,1597.35,1208.81,8.03,385844,6671773,3858446671773,6.7372,3
785,140,5,1053.92,963.23,0.0,385301,6671528,3853016671528,26.3373,1
786,140,6,1403.68,895.1,7.96,385651,6671459,3856516671459,21.9815,2
787,141,0,1601.81,1202.12,8.04,385849,6671766,3858496671766,6.7590,3
788,141,5,1053.92,963.23,0.0,385301,6671528,3853016671528,26.3373,1
789,141,6,1409.79,899.12,7.31,385657,6671463,3856576671463,22.4212,2
790,142,0,1606.39,1195.24,8.26,385853,6671760,3858536671760,6.7355,3
791,142,5,1053.92,963.23,0.0,385301,6671528,3853016671528,26.3373,1
792,142,6,1416.36,903.44,7.87,385663,6671468,3856636671468,24.3365,2
793,143,0,1610.63,1188.88,7.64,385858,6671753,3858586671753,6.9301,3
794,143,5,1053.92,963.23,0.0,385301,6671528,3853016671528,26.3373,1
795,143,6,1422.75,907.64,7.66,385670,6671472,3856706671472,25.1791,2
796,144,5,1053.92,963.23,0.0,385301,6671528,3853016671528,26.3373,1
797,144,6,1429.02,911.77,7.61,385676,6671476,3856766671476,25.9418,2
798,145,5,1053.92,963.23,0.0,385301,6671528,3853016671528,26.3373,1
799,145,6,1435.91,916.3,8.24,385683,6671481,3856836671481,26.8674,2
800,146,5,1053.92,963.23,0.0,385301,6671528,3853016671528,26.3373,1
801,146,6,1442.25,920.48,7.59,385689,6671485,3856896671485,27.6990,2
802,147,5,1053.92,963.23,0.0,385301,6671528,3853016671528,26.3373,1
803,147,6,1449.05,924.95,8.24,385696,6671489,3856966671489,28.4913,2
804,148,5,1053.92,963.23,0.0,385301,6671528,3853016671528,26.3373,1
805,148,6,1455.88,929.43,8.18,385703,6671494,3857036671494,26.9195,2
806,149,5,1053.92,963.23,0.0,385301,6671528,3853016671528,26.3373,1
807,149,6,1461.88,933.38,7.14,385709,6671498,3857096671498,25.4804,2
808,150,5,1053.92,963.23,0.0,385301,6671528,3853016671528,26.3373,1
809,150,6,1468.82,937.93,8.33,385716,6671502,3857166671502,31.8851,2
810,151,5,1053.92,963.23,0.0,385301,6671528,3853016671528,26.3373,1
811,151,6,1475.63,942.35,8.12,385723,6671507,3857236671507,32.8397,2
812,152,5,1053.92,963.23,0.0,385301,6671528,3853016671528,26.3373,1
813,152,6,1482.52,946.82,8.21,385730,6671511,3857306671511,33.9067,2
814,153,5,1053.92,963.23,0.0,385301,6671528,3853016671528,26.3373,1
815,153,6,1488.82,950.9,7.5,385736,6671515,3857366671515,35.0381,2
816,154,5,1053.92,963.23,0.0,385301,6671528,3853016671528,26.3373,1
817,154,6,1495.14,955.0,7.53,385742,6671519,3857426671519,36.2825,2
818,155,5,1053.92,963.23,0.0,385301,6671528,3853016671528,26.3373,1
819,155,6,1501.63,959.21,7.74,385749,6671524,3857496671524,37.7945,2
820,156,5,1053.92,963.23,0.0,385301,6671528,3853016671528,26.3373,1
821,156,6,1508.03,963.37,7.62,385755,6671528,3857556671528,39.2579,2
822,157,5,1053.92,963.23,0.0,385301,6671528,3853016671528,26.3373,1
823,157,6,1514.39,967.5,7.59,385761,6671532,3857616671532,40.7373,2
824,158,5,1053.92,963.23,0.0,385301,6671528,3853016671528,26.3373,1
825,158,6,1520.54,971.49,7.33,385768,6671536,3857686671536,42.1795,2
826,159,5,1053.92,963.23,0.0,385301,6671528,3853016671528,26.3373,1
827,159,6,1527.05,975.72,7.96,385774,6671540,3857746671540,43.0249,2
828,160,5,1053.92,963.23,0.0,385301,6671528,3853016671528,26.3373,1
829,160,6,1533.1,979.65,7.21,385780,6671544,3857806671544,43.3250,2
830,161,5,1053.92,963.23,0.0,385301,6671528,3853016671528,26.3373,1
831,161,6,1540.07,984.17,8.31,385787,6671549,3857876671549,42.8341,2
832,162,5,1053.92,963.23,0.0,385301,6671528,3853016671528,26.3373,1
833,162,6,1547.08,988.72,8.36,385794,6671553,3857946671553,41.9003,2
834,163,5,1053.92,963.23,0.0,385301,6671528,3853016671528,26.3373,1
835,163,6,1553.54,992.91,7.7,385801,6671557,3858016671557,40.7410,2
836,164,5,1053.92,963.23,0.0,385301,6671528,3853016671528,26.3373,1
837,164,6,1559.61,996.86,7.24,385807,6671561,3858076671561,39.7736,2
838,165,5,1053.92,963.23,0.0,385301,6671528,3853016671528,26.3373,1
839,165,6,1566.16,1001.11,7.91,385813,6671565,3858136671565,38.9642,2
840,166,5,1053.92,963.23,0.0,385301,6671528,3853016671528,26.3373,1
841,166,6,1573.14,1005.64,8.33,385820,6671570,3858206671570,38.1522,2
842,167,5,1053.92,963.23,0.0,385301,6671528,3853016671528,26.3373,1
843,168,5,1053.92,963.23,0.0,385301,6671528,3853016671528,26.3373,1
844,169,5,1053.92,963.23,0.0,385301,6671528,3853016671528,26.3373,1
845,170,5,1053.92,963.23,0.0,385301,6671528,3853016671528,26.3373,1
846,171,5,1053.92,963.23,0.0,385301,6671528,3853016671528,26.3373,1
847,172,5,1052.09,962.03,2.2,385299,6671526,3852996671526,24.7430,1
848,173,5,1048.17,959.49,4.67,385295,6671524,3852956671524,25.5921,1
849,174,5,1042.13,955.54,7.21,385289,6671520,3852896671520,23.5561,1
850,175,5,1037.04,952.16,6.1,385284,6671517,3852846671517,24.2657,1
851,176,5,1031.77,948.65,6.33,385279,6671513,3852796671513,22.3387,1
852,177,5,1025.97,944.8,6.96,385273,6671509,3852736671509,21.6986,1
853,178,5,1020.77,941.33,6.25,385268,6671506,3852686671506,21.2553,1
854,179,5,1014.66,937.27,7.34,385262,6671502,3852626671502,20.7138,1
855,180,5,1008.52,933.18,7.37,385256,6671498,3852566671498,20.2077,1
856,181,5,1003.21,929.65,6.38,385250,6671494,3852506671494,19.7449,1
857,182,5,997.47,925.82,6.9,385245,6671490,3852456671490,17.9802,1
858,183,5,992.31,922.39,6.2,385239,6671487,3852396671487,18.7403,1
859,184,5,986.54,918.55,6.93,385234,6671483,3852346671483,17.0850,1
860,185,5,980.5,914.53,7.25,385228,6671479,3852286671479,16.6511,1
861,186,5,974.56,910.58,7.14,385222,6671475,3852226671475,16.5158,1
862,187,5,969.47,907.19,6.11,385217,6671472,3852176671472,16.1765,1
863,188,5,963.89,903.47,6.71,385211,6671468,3852116671468,16.1004,1
864,189,5,958.08,899.6,6.98,385205,6671464,3852056671464,15.8895,1
865,190,5,952.15,895.66,7.12,385199,6671460,3851996671460,15.7046,1
866,191,5,946.6,891.96,6.67,385194,6671456,3851946671456,15.4433,1
