reward,reward_accumulate
0.0,0.0
0.0,0.0
0.0,0.0
0.0,0.0
0.0,0.0
0.0,0.0
0.0,0.0
0.0,0.0
0.0,0.0
0.0,0.0
0.0,0.0
0.0,0.0
0.0,0.0
0.0,0.0
0.0,0.0
0.0,0.0
0.0,0.0
0.0,0.0
0.0,0.0
0.0,0.0
0.0,0.0
0.0,0.0
0.0,0.0
0.0,0.0
0.0,0.0
0.0,0.0
0.0,0.0
0.0,0.0
0.0,0.0
0.0,0.0
0.0,0.0
0.0,0.0
0.0,0.0
0.0,0.0
0.0,0.0
0.0,0.0
0.0,0.0
0.0,0.0
0.0,0.0
0.0,0.0
0.0,0.0
0.0,0.0
0.0,0.0
0.0,0.0
0.0,0.0
0.0,0.0
0.0,0.0
0.0,0.0
0.0,0.0
0.0,0.0
0.0,0.0
0.0,0.0
0.0,0.0
0.0,0.0
0.0,0.0
0.0,0.0
0.0,0.0
0.0,0.0
0.0,0.0
0.0,0.0
0.0,0.0
0.0,0.0
0.0,0.0
-8.462597363075725e-05,0.0
-0.0019325560730673297,0.0
-0.0019032749204450975,0.0
-0.0018748678320802453,0.0
-0.0018472962463143593,0.0
-0.0028681990530917446,0.0
-0.00553201239615878,0.0
-0.008726519522650173,0.0
-0.013687144883737505,0.0
-0.01349964974834384,0.0
-0.013317222049041897,0.0
-0.013139659088388005,0.0
-0.012966768837225006,0.0
-0.012798369241936369,0.0
-0.012634287584988467,0.0
-0.016355457189096114,0.0
-0.017018273156564307,0.0
-0.022240236496422743,0.0
-0.021969014100124903,0.0
-0.02170432718325593,0.0
-0.02279264446420602,0.0
-0.022524495705803598,0.0
-0.02226258296503844,0.0
-0.02200669120681961,0.0
-0.021756615170378475,0.0
-0.021512158820149504,0.0
-0.021273134833258954,0.0
-0.021039364120805558,0.0
-0.02081067538036202,0.0
-0.020586904677347376,0.0
-0.020367895053120276,0.0
-0.02015349615782427,0.0
-0.01994356390618027,0.0
-0.019737960154570165,0.0
-0.019536552397890875,0.0
-0.019339213484780866,0.0
-0.01914582134993306,0.0
-0.01895625876230996,0.0
-0.018770413088169666,0.0
-0.018588176067896173,0.0
-0.018409443605704866,0.0
-0.01823411557136482,0.0
-0.018062095613144397,0.0
-0.017893290981245848,0.0
-0.01772761236104913,0.0
-0.017564973715534917,0.0
-0.01740529213630278,0.0
-0.017248487702642396,0.0
-0.017094483348154516,0.0
-0.016943204734454036,0.0
-0.01679458013152023,0.0
-0.016648540304289618,0.0
-0.016505018405114705,0.0
-0.016363949871737657,0.0
-0.016225272330451745,0.0
-0.016088925504145427,0.0
-0.015954851124944217,0.0
-0.015822992851184346,0.0
-0.01569329618846972,0.0
-0.015565708414579722,0.0
-0.015440178508010532,0.0
-0.015316657079946446,0.0
-0.01578571945647373,0.0
-0.015661422452879447,0.0
-0.01560850172844915,0.0
-0.016370316125493244,0.0
-0.0162443906168356,0.0
-0.016120387635027697,0.0
-0.016379446519999147,0.0
-0.01625629278676607,0.0
-0.01745483247083105,0.0
-0.01732553741549156,0.0
-0.01719814375802471,0.0
-0.017072609861980736,0.0
-0.016948895297763483,0.0
-0.016826960799218423,0.0
-0.01670676822208115,0.0
-0.016588280504194048,0.0
-0.016471461627403948,0.0
-0.01775497584346438,0.0
-0.01763167740010699,0.0
-0.01751007962493384,0.0
-0.017390147572708264,0.0
-0.0172718472490844,0.0
-0.017155145578482477,0.0
-0.018501463526963344,0.0
-0.020314039014499363,0.0
-0.022617657425575963,0.0
-0.022468857047776118,0.0
-0.022322001772954052,0.0
-0.022177053709493313,0.0
-0.023942556815469748,0.0
-0.02626257212405874,0.0
-0.028964855751582114,0.0
-0.032180531678093226,0.0
-0.031978138397098926,0.0
-0.03177827503211706,0.0
-0.03158089444185546,0.0
-0.031385950649004506,0.0
-0.031193398804532084,0.0
-0.031003195153284938,0.0
-0.03396505441155802,0.0
-0.034168908241975764,0.0
-0.03785926358818772,0.0
-0.03763391082873422,0.0
-0.0374112249658423,0.0
-0.03834286702175056,0.0
-0.0381186397292257,0.0
-0.03789701973079997,0.0
-0.0376779618132809,0.0
-0.037461421802859746,0.0
-0.03724735653541483,0.0
-0.037035723827827244,0.0
-0.0368264824502689,0.0
-0.03661959209942469,0.0
-0.036415013372612264,0.0
-0.036212707742764416,0.0
-0.03601263753424086,0.0
-0.035814765899437336,0.0
-0.03561905679616172,0.0
-0.0354254749657478,0.0
-0.035233985911878894,0.0
-0.0350445558800946,0.0
-0.034857151837955055,0.0
-0.034671741455838276,0.0
-0.03448829308834706,0.0
-0.034306775756303136,0.0
-0.034127159129306785,0.0
-0.03394941350884164,0.0
-0.03377350981190464,0.0
-0.03359941955514224,0.0
-0.033427114839474845,0.0
-0.03325656833519181,0.0
-0.033141036038016346,0.0
-0.03297365706812737,0.0
-0.0328079602989408,0.0
-0.0326439204974461,0.0
-0.03248151293278219,0.0
-0.03232071336380802,0.0
-0.03216149802704049,0.0
-0.032003843624947154,0.0
-0.03184772731458156,0.0
-0.03189295401114097,0.0
-0.031738881769541254,0.0
-0.03226536087894944,0.0
-0.03211098116182528,0.0
-0.03276951443129758,0.0
-0.03261420867569901,0.0
-0.032460368068738164,0.0
-0.033327183633003694,0.0
-0.0343168675411813,0.0
-0.034157254203780456,0.0
-0.03520142533160915,0.0
-0.0365292725408695,0.0
-0.03636170707049854,0.0
-0.0361956718783958,0.0
-0.03774330689782444,0.0
-0.03757252270371663,0.0
-0.03965877971826853,0.0
-0.03948093765675163,0.0
-0.03930468347078399,0.0
-0.039129995988691615,0.0
-0.03895685441352042,0.0
-0.03878523831478244,0.0
-0.03861512762041936,0.0
-0.03854042839202851,0.0
-0.03837286131206317,0.0
-0.03997398263077316,0.0
-0.03980168098150259,0.0
-0.041942290388547486,0.0
-0.04176304983133147,0.0
-0.04158533472566623,0.0
-0.04140912568021849,0.0
-0.04123440363093487,0.0
-0.043341316322689546,0.0
-0.04578042521397235,0.0
-0.04575357101112592,0.0
-0.048534420393751374,0.0
-0.048333864937578845,0.0
-0.05069483087106461,0.0
-0.050487065170773365,0.0
-0.05337041361667917,0.0
-0.05640947657441815,0.0
-0.056181098126748444,0.0
-0.05637968541360211,0.0
-0.05615326097419005,0.0
-0.05667530812850367,0.0
-0.056449510088151064,0.0
-0.05622550409573776,0.0
-0.05881132543544825,0.0
-0.05983932226621881,0.0
-0.06289737001857171,0.0
-0.06312769318287954,0.0
-0.06288206013547534,0.0
-0.06418487780394597,0.0
-0.06393705974292688,0.0
-0.06369114797468485,0.0
-0.06344712058780866,0.0
-0.06320495600541244,0.0
-0.06296463297877589,0.0
-0.06272613058112901,0.0
-0.06248942820157758,0.0
-0.06225450553916564,0.0
-0.062021342597071386,0.0
-0.06178991967693306,0.0
-0.0617488968460221,0.0
-0.061520197228073864,0.0
-0.0612931854301843,0.0
-0.06106784283669097,0.0
-0.06084415110468844,0.0
-0.06062209215905089,0.0
-0.06040164818756343,0.0
-0.06018280163615922,0.0
-0.05996553520425973,0.0
-0.05974983184021563,0.0
-0.05953567473684568,0.0
-0.05940264779658481,0.0
-0.059644711952000266,0.0
-0.059433205881248494,0.0
-0.0592231945530462,0.0
-0.05901466217785942,0.0
-0.0595273320104959,0.0
-0.059319194485983676,0.0
-0.05911250739718234,0.0
-0.05926630058943632,0.0
-0.0590612268849746,0.0
-0.058857567481922966,0.0
-0.058655307799854506,0.0
-0.05845443345807418,0.0
-0.05906459925714326,0.0
-0.05971348165050033,0.0
-0.059511063068634226,0.0
-0.06036510307753471,0.0
-0.06016185357222315,0.0
-0.061183295119416004,0.0
-0.06097866871433434,0.0
-0.060775406485286565,0.0
-0.062201120049681966,0.0
-0.06332220940969553,0.0
-0.06311322522022458,0.0
-0.06463484946132932,0.0
-0.06641227743255557,0.0
-0.06619524384617467,0.0
-0.06597962415937932,0.0
-0.06750049281240023,0.0
-0.06728204461559634,0.0
-0.06706500576199764,0.0
-0.06895798025401666,0.0
-0.06873696108653583,0.0
-0.06851735418210601,0.0
-0.0683273820912325,0.0
-0.06827681619399309,0.0
-0.06806075031996146,0.0
-0.06784604763756412,0.0
-0.06763269528650259,0.0
-0.06742068056773612,0.0
-0.06952460948222983,0.0
-0.06930802191374937,0.0
-0.0716319146966199,0.0
-0.07141014406288425,0.0
-0.07118974238367781,0.0
-0.07151354399785721,0.0
-0.07129417729847728,0.0
-0.07320839879112259,0.0
-0.07586040997494367,0.0
-0.07875523758868805,0.0
-0.07944666354656121,0.0
-0.07921300957973532,0.0
-0.07897441617738672,0.0
-0.08107427814849985,0.0
-0.08403467646001296,0.0
-0.08709364726221437,0.0
-0.08696246806688371,0.0
-0.09023457680771567,0.0
-0.09032520898595733,0.0
-0.09045179162206864,0.0
-0.09018575694082726,0.0
-0.08992128258029697,0.0
-0.09205131708879874,0.0
-0.09178294590195094,0.0
-0.09151613501270107,0.0
-0.0937433231460659,0.0
-0.09617566495081578,0.0
-0.09651300134597585,0.0
-0.09904178952491713,0.0
-0.09961696884441368,0.0
-0.09933234893342964,0.0
-0.10024803756936534,0.0
-0.10369722445913739,0.0
-0.10340346461647694,0.0
-0.10330115207672089,0.0
-0.10301016291594138,0.0
-0.10272080852572807,0.0
-0.10243307516851315,0.0
-0.1021469492602212,0.0
-0.10227991940603111,0.0
-0.10251929599619698,0.0
-0.10223530902667843,0.0
-0.10195289104594175,0.0
-0.102560160848904,0.0
-0.10227840216525316,0.0
-0.10199818736480042,0.0
-0.10171950379276544,0.0
-0.10242388674913058,0.0
-0.10214556096992099,0.0
-0.10186874373152012,0.0
-0.10159342280251601,0.0
-0.10131958608337176,0.0
-0.10104722160465301,0.0
-0.10172748532582361,0.0
-0.10274668179816095,0.0
-0.10247269064669919,0.0
-0.10220015689497924,0.0
-0.10192906894565569,0.0
-0.1026998760499192,0.0
-0.10242890012366611,0.0
-0.10215935038649857,0.0
-0.10325444329756137,0.0
-0.10298414370777717,0.0
-0.10271525560410151,0.0
-0.1040160405164103,0.0
-0.10374586898260144,0.0
-0.10513333870747506,0.0
-0.10632570928549798,0.0
-0.10605167395228793,0.0
-0.10742917108259466,0.0
-0.10715371166956236,0.0
-0.10861370154047886,0.0
-0.10833662577124295,0.0
-0.1080609600568123,0.0
-0.10973352097486215,0.0
-0.11128037039627926,0.0
-0.11099935935992503,0.0
-0.11285071988092693,0.0
-0.11479315594088527,0.0
-0.11450545379567001,0.0
-0.11421919016118083,0.0
-0.1139343542754921,0.0
-0.11365093548376203,0.0
-0.11336892323690406,0.0
-0.11519353142348719,0.0
-0.1149091029508366,0.0
-0.11462607560366705,0.0
-0.1143444390542723,0.0
-0.11428469136536505,0.0
-0.11636688073317657,0.0
-0.11608305907285174,0.0
-0.11580061853982777,0.0
-0.11796886595031746,0.0
-0.12003876566184048,0.0
-0.11974881695251235,0.0
-0.12200781619241281,0.0
-0.12171452817271951,0.0
-0.121422646810195,0.0
-0.12145054661238604,0.0
-0.12116068850591255,0.0
-0.12370079196290062,0.0
-0.1260789416915616,0.0
-0.12603861040766293,0.0
-0.12885566927565484,0.0
-0.12895434515221368,0.0
-0.12917100170995754,0.0
-0.1288677833960844,0.0
-0.1313063833058049,0.0
-0.13099959269060443,0.0
-0.13385653034244305,0.0
-0.13689609452278104,0.0
-0.13739809773020634,0.0
-0.14060082761727713,0.0
-0.14138189574728183,0.0
-0.14114179145587308,0.0
-0.14370186607559995,0.0
-0.14337227463964675,0.0
-0.1462117811571294,0.0
-0.1458779643051725,0.0
-0.14554566825891924,0.0
-0.14863651318900184,0.0
-0.1520033596500973,0.0
-0.15192909780057431,0.0
-0.15537038621282184,0.0
-0.1555493787979896,0.0
-0.15637433036021098,0.0
-0.15681472914122932,0.0
-0.16005058803026195,0.0
-0.15969333225340868,0.0
-0.1609445999611428,0.0
-0.1605869452945625,0.0
-0.16023087667971866,0.0
-0.16140734079493843,0.0
-0.16105103319936462,0.0
-0.162476825498603,0.0
-0.1639802962690111,0.0
-0.16362069035614044,0.0
-0.16326265821094102,0.0
-0.16492212700539605,0.0
-0.16456281953915336,0.0
-0.16420507427928563,0.0
-0.16384888105959086,0.0
-0.16568244268700877,0.0
-0.1653245972384407,0.0
-0.16496829422715098,0.0
-0.1646135237019313,0.0
-0.1642602757969915,0.0
-0.16390854073104508,0.0
-0.1635583088064061,0.0
-0.16477338720759563,0.0
-0.16676190746925468,0.0
-0.16824772047352268,0.0
-0.16789126343862115,0.0
-0.1675363136216262,0.0
-0.1697563093095609,0.0
-0.171483550171002,0.0
-0.17112329061181925,0.0
-0.17076454157489718,0.0
-0.17276210654017632,0.0
-0.17240143408393377,0.0
-0.17204226442959225,0.0
-0.1742798735693143,0.0
-0.17391829706813314,0.0
-0.17623160250091655,0.0
-0.17586748761971632,0.0
-0.17550487424318081,0.0
-0.175281454936073,0.0
-0.1749215340840482,0.0
-0.17729133523483515,0.0
-0.17692877626707473,0.0
-0.17656769713183582,0.0
-0.17910563205772798,0.0
-0.17874159622021227,0.0
-0.18123213349921757,0.0
-0.1812648384774154,0.0
-0.18089864688453172,0.0
-0.1835720243228735,0.0
-0.18320266411296834,0.0
-0.18283478727740013,0.0
-0.185369744664108,0.0
-0.18499900517477977,0.0
-0.187609869495275,0.0
-0.18723614465564298,0.0
-0.1869165904524618,0.0
-0.18654572420156407,0.0
-0.1866445060717211,0.0
-0.1862756434115003,0.0
-0.18590823583080698,0.0
-0.18863191605310844,0.0
-0.18826132289779782,0.0
-0.19108975191236863,0.0
-0.19126374139001914,0.0
-0.19089017939511677,0.0
-0.19064999992314904,0.0
-0.1902790855264114,0.0
-0.1933255819369662,0.0
-0.19622270425835095,0.0
-0.19662936069630088,0.0
-0.1997985061287966,0.0
-0.19978887246347599,0.0
-0.20042018172658632,0.0
-0.20003549807643933,0.0
-0.20302951772063324,0.0
-0.20372718820623048,0.0
-0.20692784791898172,0.0
-0.21019294616730794,0.0
-0.21103608630968437,0.0
-0.2144232090277311,0.0
-0.21542048908651087,0.0
-0.21513704136185335,0.0
-0.2147311224158876,0.0
-0.2143267323548407,0.0
-0.21392386255718124,0.0
-0.2135225044660796,0.0
-0.21312264958880228,0.0
-0.21610323402722806,0.0
-0.2192326524189574,0.0
-0.2191789822851177,0.0
-0.2224531484840956,0.0
-0.22261766403446406,0.0
-0.22220540910106693,0.0
-0.22231604909020036,0.0
-0.22574547297824193,0.0
-0.225329735458945,0.0
-0.22687921963264762,0.0
-0.22646292748653266,0.0
-0.22604816022007382,0.0
-0.22780421489074884,0.0
-0.22738851376868544,0.0
-0.22938071885073755,0.0
-0.23143468427315642,0.0
-0.2310146576229329,0.0
-0.2305961528083986,0.0
-0.23271230441128515,0.0
-0.23229224610007343,0.0
-0.23187370151250575,0.0
-0.23145666248100843,0.0
-0.23370840186072536,0.0
-0.2332895695993262,0.0
-0.23287223584333455,0.0
-0.23245639256504289,0.0
-0.23204203179398222,0.0
-0.23162914561641285,0.0
-0.2313893647288166,0.0
-0.23304345670646284,0.0
-0.23539558167704322,0.0
-0.23723399173780146,0.0
-0.23681558963597113,0.0
-0.23679535872535484,0.0
-0.2392012979746272,0.0
-0.24117184235865577,0.0
-0.2407494748589033,0.0
-0.24091822352884135,0.0
-0.2430883615919572,0.0
-0.24266486270416635,0.0
-0.2422428368559852,0.0
-0.2445527386894351,0.0
-0.24412890378702706,0.0
-0.24656706059053674,0.0
-0.24614121074495723,0.0
-0.2457168293471211,0.0
-0.2460998382597921,0.0
-0.24567698630401924,0.0
-0.24816104335088482,0.0
-0.24773611005747578,0.0
-0.2503414756745143,0.0
-0.2529574809717999,0.0
-0.2525265482955276,0.0
-0.2520970813766577,0.0
-0.2547673188176802,0.0
-0.2552557654366623,0.0
-0.2558681238811098,0.0
-0.2554359142123917,0.0
-0.25500516224913305,0.0
-0.2577489314796771,0.0
-0.2573157399981987,0.0
-0.26019383342523145,0.0
-0.259757997858355,0.0
-0.25932361993551495,0.0
-0.2588906923563238,0.0
-0.25970048604073254,0.0
-0.25926837208725373,0.0
-0.25883769372830484,0.0
-0.2615089087920741,0.0
-0.2610759470225508,0.0
-0.26387300055744095,0.0
-0.26485143447332266,0.0
-0.26441510591570594,0.0
-0.26398021264939725,0.0
-0.26354674760399593,0.0
-0.26645977535797,0.0
-0.2693794744558795,0.0
-0.2704717381451241,0.0
-0.2734932812756403,0.0
-0.2730478524787745,0.0
-0.27420144319053563,0.0
-0.273756310977564,0.0
-0.2768390351868235,0.0
-0.2781113208205486,0.0
-0.2813104326866193,0.0
-0.28462025431561444,0.0
-0.2860141837337468,0.0
-0.2894364309124937,0.0
-0.2910314760341704,0.0
-0.2905650794379618,0.0
-0.2901001753108611,0.0
-0.28963675650046034,0.0
-0.2891748158999811,0.0
-0.28871434644791105,0.0
-0.2882553411276441,0.0
-0.2913735041329756,0.0
-0.29461026024169185,0.0
-0.2943029888080421,0.0
-0.29770877869128953,0.0
-0.2973461854671269,0.0
-0.2989641327990191,0.0
-0.298787137149319,0.0
-0.30230162670150795,0.0
-0.3018277997004084,0.0
-0.30369065073374696,0.0
-0.30391312038376866,0.0
-0.30343899695103266,0.0
-0.30296635053833637,0.0
-0.30249517425445094,0.0
-0.30447131782229303,0.0
-0.3065105101537163,0.0
-0.30603603567979415,0.0
-0.30638641686336665,0.0
-0.30861087344043575,0.0
-0.3081353559158742,0.0
-0.3076613015221575,0.0
-0.3071887035167471,0.0
-0.30945964292463424,0.0
-0.30898573841785837,0.0
-0.3085132831603387,0.0
-0.3080422705142924,0.0
-0.3075726938824108,0.0
-0.30808855275282204,0.0
-0.30872605366639233,0.0
-0.3107256722017261,0.0
-0.31309697521776997,0.0
-0.3155835212870541,0.0
-0.31510680901924887,0.0
-0.3159154352676674,0.0
-0.31543965900973414,0.0
-0.3175427261758437,0.0
-0.3170659352956998,0.0
-0.3179229483199156,0.0
-0.3200781761270828,0.0
-0.31959973341239356,0.0
-0.3191227188849124,0.0
-0.32132512915103667,0.0
-0.3208469667564667,0.0
-0.32309651052419247,0.0
-0.32261713884685683,0.0
-0.3221391875300467,0.0
-0.3230392027864279,0.0
-0.3225620400053549,0.0
-0.3249198234560827,0.0
-0.32444129647013853,0.0
-0.323964176916506,0.0
-0.3265505807110542,0.0
-0.32756631830991106,0.0
-0.32708671901516745,0.0
-0.3266085220575429,0.0
-0.3290625073639293,0.0
-0.3301268022555615,0.0
-0.32964626833670335,0.0
-0.32916713131877207,0.0
-0.3286893851194705,0.0
-0.32821302369176114,0.0
-0.3308114455054267,0.0
-0.33033339428359804,0.0
-0.33297605066983,0.0
-0.3324962580896141,0.0
-0.33201784620747077,0.0
-0.3315408090721152,0.0
-0.33269742043572076,0.0
-0.3322207765669017,0.0
-0.33174549648597623,0.0
-0.3341997930893758,0.0
-0.3337230458809744,0.0
-0.33622308250858723,0.0
-0.33741701178989797,0.0
-0.33693772626178736,0.0
-0.33651405992403466,0.0
-0.336037411113944,0.0
-0.3385731505975493,0.0
-0.34120846647011605,0.0
-0.3424456943610497,0.0
-0.3451353718100456,0.0
-0.3448843868082575,0.0
-0.3462805318748604,0.0
-0.3457948649297343,0.0
-0.34565290353065803,0.0
-0.3470988763964328,0.0
-0.3498854673649572,0.0
-0.35278894792244403,0.0
-0.3543250203999026,0.0
-0.3573238021299584,0.0
-0.35891164529629827,0.0
-0.3584138482847916,0.0
-0.357917430212375,0.0
-0.35742238535730947,0.0
-0.35692870802946786,0.0
-0.3564363925701169,0.0
-0.35594543335170076,0.0
-0.3585991112260688,0.0
-0.3613682578455879,0.0
-0.36087255378818656,0.0
-0.3637874688198261,0.0
-0.3632898115437388,0.0
-0.3650042455764996,0.0
-0.36450628616916464,0.0
-0.36745170815045985,0.0
-0.3669517738536565,0.0
-0.36645319807396404,0.0
-0.3668556424318573,0.0
-0.3663585480654185,0.0
-0.3658627990152623,0.0
-0.3653683898274038,0.0
-0.3670891699240254,0.0
-0.36885755569184214,0.0
-0.36836111214447764,0.0
-0.3689315762551851,0.0
-0.37075038728657034,0.0
-0.3702534028532103,0.0
-0.3697577490341297,0.0
-0.3692634204926402,0.0
-0.3712286707957583,0.0
-0.3707336992346973,0.0
-0.3702400458402436,0.0
-0.36974770535375395,0.0
-0.37042672910588903,0.0
-0.37121286148149113,0.0
-0.3728696996073785,0.0
-0.3749314129261199,0.0
-0.37710369384002895,0.0
-0.37660619556319513,0.0
-0.37743564947243136,0.0
-0.37693902361786236,0.0
-0.378745400401942,0.0
-0.3782483591940654,0.0
-0.3792267222551052,0.0
-0.38119805639926696,0.0
-0.38069975828632674,0.0
-0.38020276121284585,0.0
-0.38221469934353114,0.0
-0.3817170239537609,0.0
-0.3838325243958292,0.0
-0.38333404059791254,0.0
-0.38283684988377775,0.0
-0.3823409472284879,0.0
-0.3818463276331082,0.0
-0.3840594821595629,0.0
-0.3835639215374215,0.0
-0.38306963813337847,0.0
-0.38522486030065467,0.0
-0.3862843461496984,0.0
-0.3857884740750518,0.0
-0.3852938734672633,0.0
-0.38759244013141714,0.0
-0.3887495824979879,0.0
-0.38825309516401857,0.0
-0.3877578743793706,0.0
-0.3872639153037281,0.0
-0.38677121312140783,0.0
-0.38895081400914266,0.0
-0.3884572216055778,0.0
-0.3907877682545481,0.0
-0.39029310019346636,0.0
-0.38979968287337347,0.0
-0.3893075115566142,0.0
-0.39050164864571013,0.0
-0.390009832967315,0.0
-0.38951925456106684,0.0
-0.3919313759389863,0.0
-0.39143961762538654,0.0
-0.3939898548804977,0.0
-0.3953227262113068,0.0
-0.39482857280354267,0.0
-0.39433565323699643,0.0
-0.3938439628963019,0.0
-0.396475471414859,0.0
-0.39880531123790186,0.0
-0.4002723572567615,0.0
-0.40303200379869464,0.0
-0.402532583719638,0.0
-0.4020343998288959,0.0
-0.40153744754233356,0.0
-0.40119568418599333,0.0
-0.40279324508491515,0.0
-0.40558022893371565,0.0
-0.4084122141924491,0.0
-0.4101435704731435,0.0
-0.4131245801535977,0.0
-0.41499202626571413,0.0
-0.4144840800891343,0.0
-0.4139773758347466,0.0
-0.4134719089533855,0.0
-0.4129676749180765,0.0
-0.412464669223901,0.0
-0.4120284348987796,0.0
-0.41168569128561544,0.0
-0.4140778994726964,0.0
-0.413575986867275,0.0
-0.4160588054998506,0.0
-0.41555571141823044,0.0
-0.41744242208490473,0.0
-0.41693887272171426,0.0
-0.4195404498689388,0.0
-0.4190355877150652,0.0
-0.41853193917213843,0.0
-0.4192570373926726,0.0
-0.4187543311128253,0.0
-0.4182528289198758,0.0
-0.41775252649293815,0.0
-0.41725341953177575,0.0
-0.41868695109185045,0.0
-0.4181879201608709,0.0
-0.41895481342983,0.0
-0.42042572300231856,0.0
-0.4199264050415082,0.0
-0.41942827170219443,0.0
-0.4189313187736373,0.0
-0.4204438024930708,0.0
-0.4199468240031262,0.0
-0.41945101901610954,0.0
-0.41895638338047736,0.0
-0.4205061035710327,0.0
-0.42130860814641513,0.0
-0.422255617841171,0.0
-0.4238484707898988,0.0
-0.4255867079021988,0.0
-0.4273682504955762,0.0
-0.4268684045885638,0.0
-0.42784914838422516,0.0
-0.4273499078376858,0.0
-0.42909630104248825,0.0
-0.42859677100635035,0.0
-0.4297040280835436,0.0
-0.4315445970262414,0.0
-0.4310439652431483,0.0
-0.4305444936727623,0.0
-0.43242421840422274,0.0
-0.431924306013004,0.0
-0.4339308645926682,0.0
-0.4334303676323537,0.0
-0.4329310238908418,0.0
-0.4324328293869398,0.0
-0.4343244925802744,0.0
-0.433825842186956,0.0
-0.43332833548720034,0.0
-0.4353015389364218,0.0
-0.43652751037211335,0.0
-0.43602862178883095,0.0
-0.43553087222057885,0.0
-0.43764895821964456,0.0
-0.43895778980709993,0.0
-0.43845840665601105,0.0
-0.4379601584666292,0.0
-0.4374630413741586,0.0
-0.43696705153133075,0.0
-0.4389629699833859,0.0
-0.43846640553770333,0.0
-0.44058925387294,0.0
-0.44009197480536333,0.0
-0.4395958169983674,0.0
-0.4391007766639098,0.0
-0.44051740996901584,0.0
-0.4400224465870282,0.0
-0.43952859423395635,0.0
-0.44176135511327985,0.0
-0.443252144756405,0.0
-0.44537109298735594,0.0
-0.4468967018278818,0.0
-0.4463979331874489,0.0
-0.4459002766287115,0.0
-0.44540372843647463,0.0
-0.44755730899954765,0.0
-0.4498611934874761,0.0
-0.4514147555399821,0.0
-0.453689812002074,0.0
-0.4531873869610971,0.0
-0.4526860734799455,0.0
-0.4521858678738903,0.0
-0.4518273753741173,0.0
-0.4541823554614073,0.0
-0.456680952743879,0.0
-0.4583047498827514,0.0
-0.4608419042114827,0.0
-0.4603360404307895,0.0
-0.4598572072870203,0.0
-0.45935353017060515,0.0
-0.459004532895022,0.0
-0.4587380213401359,0.0
-0.4585638977991895,0.0
-0.46096113033534164,0.0
-0.4604589940277868,0.0
-0.4629319601797025,0.0
-0.4624287732664637,0.0
-0.46414625556026035,0.0
-0.4636428431355746,0.0
-0.4661483191942776,0.0
-0.4656438296713401,0.0
-0.46514043093656027,0.0
-0.46585773612831366,0.0
-0.46535519272364445,0.0
-0.4648537323866578,0.0
-0.4643533516198261,0.0
-0.46385404694066495,0.0
-0.46530756300966314,0.0
-0.46480830596780726,0.0
-0.46556616241387316,0.0
-0.4671465604123921,0.0
-0.4666469384226462,0.0
-0.4661483840012545,0.0
-0.46565089373017526,0.0
-0.4672682332439309,0.0
-0.46677060999233994,0.0
-0.46627404551362467,0.0
-0.4657785364323137,0.0
-0.4652840793872688,0.0
-0.46607330868586094,0.0
-0.4669534510624424,0.0
-0.4684627340916326,0.0
-0.47015902196306175,0.0
-0.47193120294075935,0.0
-0.4714333852161383,0.0
-0.4724338357670767,0.0
-0.47193653699258503,0.0
-0.4735129947097331,0.0
-0.47301560711024815,0.0
-0.4740575318916179,0.0
-0.47566763055163264,0.0
-0.4751695492630969,0.0
-0.47467250998562505,0.0
-0.4763599818391303,0.0
-0.4758627375992147,0.0
-0.4776871429181635,0.0
-0.47718955214429043,0.0
-0.47669299693914546,0.0
-0.47619747407330437,0.0
-0.4757029803307568,0.0
-0.4775290350005946,0.0
-0.4770341862596614,0.0
-0.47654036205028283,0.0
-0.47844981608464704,0.0
-0.4779555497457166,0.0
-0.4774623035643485,0.0
-0.4793039465869383,0.0
-0.48045522171318494,0.0
-0.47996092621759523,0.0
-0.4794676467456347,0.0
-0.4789753801678671,0.0
-0.47848412336769497,0.0
-0.480494560007254,0.0
-0.4800027539069395,0.0
-0.48213084244288257,0.0
-0.48163836967225654,0.0
-0.48114690194810117,0.0
-0.48065643619687987,0.0
-0.48183635264506197,0.0
-0.4813461834155146,0.0
-0.4809533883018783,0.0
-0.4831844430790935,0.0
-0.4844707102403489,0.0
-0.48639094888312334,0.0
-0.48771536001287435,0.0
-0.4872222201139736,0.0
-0.4867300764572928,0.0
-0.48623892602696256,0.0
-0.48819126198407353,0.0
-0.4905197786635921,0.0
-0.49187123556467394,0.0
-0.4915140520857928,0.0
-0.4910224155260344,0.0
-0.49052991561076253,0.0
-0.49008303445065265,0.0
-0.4914665546526005,0.0
-0.4934815923260287,0.0
-0.4955377551137718,0.0
-0.49695514207958563,0.0
-0.499043422134382,0.0
-0.5004968180143998,0.0
-0.4999988112303059,0.0
-0.4997492126018509,0.0
-0.49925293731624826,0.0
-0.4990484656763215,0.0
-0.4989729639667574,0.0
-0.49901806312321284,0.0
-0.49914038858657306,0.0
-0.5015263911051138,0.0
-0.5010313008868461,0.0
-0.502602152573085,0.0
-0.5042455366144041,0.0
-0.503749231952382,0.0
-0.5061923561743235,0.0
-0.5056951141741522,0.0
-0.5051988481151001,0.0
-0.5058925601160049,0.0
-0.5053970727897406,0.0
-0.5049025551059932,0.0
-0.5044090042212366,0.0
-0.5039164173030518,0.0
-0.5054931359575832,0.0
-0.5050004525892035,0.0
-0.5057287364458919,0.0
-0.5073739818322984,0.0
-0.5068809070200222,0.0
-0.5063887896345658,0.0
-0.5058976268900124,0.0
-0.5076201884920316,0.0
-0.507128784630955,0.0
-0.5066383312609057,0.0
-0.5061488256268373,0.0
-0.5069489696159445,0.0
-0.5078218552909167,0.0
-0.5089374942684916,0.0
-0.5107273637194664,0.0
-0.5125569244744211,0.0
-0.5120645547102767,0.0
-0.5129706354948297,0.0
-0.51247881321727,0.0
-0.5136686129063186,0.0
-0.5131770639944465,0.0
-0.5141191258153303,0.0
-0.515345191779938,0.0
-0.5148534501847282,0.0
-0.5143626461330745,0.0
-0.5156964735990663,0.0
-0.5152058014072499,0.0
-0.5147160620523001,0.0
-0.5156867371599718,0.0
-0.51519747080593,0.0
-0.5166367436908664,0.0
-0.51614750435025,0.0
-0.5156798342325825,0.0
-0.5152919424383388,0.0
-0.5162959655367801,0.0
-0.5158088938711795,0.0
-0.5153227403425544,0.0
-0.5168726864737322,0.0
-0.5179855210233036,0.0
-0.5174986925261013,0.0
-0.5170127782608185,0.0
-0.5165277756545701,0.0
-0.516043682144116,0.0
-0.5155604951758163,0.0
-0.5173732563415627,0.0
-0.5170266224796454,0.0
-0.5165438711981518,0.0
-0.516235660279249,0.0
-0.5174645018015865,0.0
-0.5169826912784937,0.0
-0.5167935150434773,0.0
-0.5186708029113091,0.0
-0.5181892144220692,0.0
-0.5197921836673984,0.0
-0.5211325313492233,0.0
-0.5206500012276036,0.0
-0.520168363853665,0.0
-0.521805439601783,0.0
-0.5237073947570423,0.0
-0.5251102549376969,0.0
-0.5267764650962949,0.0
-0.5267035046525251,0.0
-0.5262189568101585,0.0
-0.5257352996807374,0.0
-0.5252525308105072,0.0
-0.5267241277725836,0.0
-0.5284162213894623,0.0
-0.5301398717570962,0.0
-0.5316402766999485,0.0
-0.5333941093321513,0.0
-0.5349644878998777,0.0
-0.5344763816152975,0.0
-0.534468087931314,0.0
-0.5339813228239083,0.0
-0.5340497715577359,0.0
-0.534241168209027,0.0
-0.5344684888163171,0.0
-0.5347336059361932,0.0
-0.5367083837164516,0.0
-0.5362222348181577,0.0
-0.5382606989976727,0.0
-0.5398853297681612,0.0
-0.5415840669452515,0.0
-0.5410952726610049,0.0
-0.5431911009569843,0.0
-0.5427017396047709,0.0
-0.5439280690052388,0.0
-0.5447496694885828,0.0
-0.5442602268385481,0.0
-0.5451497509964107,0.0
-0.5446608274529162,0.0
-0.5441727801164888,0.0
-0.5454276662583538,0.0
-0.5449398060917542,0.0
-0.545789982767457,0.0
-0.547110709467033,0.0
-0.5466226535263845,0.0
-0.5461354675606747,0.0
-0.5456491492458388,0.0
-0.5470350373220708,0.0
-0.5465487839555623,0.0
-0.5460633942717652,0.0
-0.5455788659716128,0.0
-0.5450951967641912,0.0
-0.5460042209154605,0.0
-0.5469818577995083,0.0
-0.5479684312942272,0.0
-0.5494515342025467,0.0
-0.5510108476000443,0.0
-0.550524947381702,0.0
-0.5515668832690377,0.0
-0.5511454633949201,0.0
-0.5522278404333983,0.0
-0.5517425787106975,0.0
-0.552896088420983,0.0
-0.5540066287525407,0.0
-0.5535210839420651,0.0
-0.5530363894727639,0.0
-0.554252936503412,0.0
-0.5537684496708042,0.0
-0.5550214926111492,0.0
-0.5561981204558961,0.0
-0.5557132049193173,0.0
-0.5569214838080986,0.0
-0.5564367827778043,0.0
-0.5577579132812299,0.0
-0.5572733277788136,0.0
-0.5569684335551253,0.0
-0.5567378471165068,0.0
-0.5580395361462032,0.0
-0.5575563850326567,0.0
-0.55895606963497,0.0
-0.5603403589928431,0.0
-0.5617723073141129,0.0
-0.5612876029937384,0.0
-0.5608037343704678,0.0
-0.5603206992848775,0.0
-0.5598384955849766,0.0
-0.5614239207496922,0.0
-0.5609415977937215,0.0
-0.5625916808510611,0.0
-0.5623967388346753,0.0
-0.5619148221775763,0.0
-0.5617594370728073,0.0
-0.5632115857852672,0.0
-0.5627302083615191,0.0
-0.562612945883864,0.0
-0.5642865911111273,0.0
-0.5657694510545913,0.0
-0.5671622094450929,0.0
-0.5687162809195878,0.0
-0.5682326786398944,0.0
-0.567749898114287,0.0
-0.5672679372500133,0.0
-0.5687227738872986,0.0
-0.5704461679709796,0.0
-0.5720235605686272,0.0
-0.5735755427128152,0.0
-0.5730906944095921,0.0
-0.5726066651068814,0.0
-0.5721234527312637,0.0
-0.5739056699663856,0.0
-0.5734221774053355,0.0
-0.5750660710895633,0.0
-0.5767396048393659,0.0
-0.5784094848299803,0.0
-0.580113395056801,0.0
-0.5818133441192381,0.0
-0.5813256548115103,0.0
-0.5813020232498523,0.0
-0.5808155780421118,0.0
-0.5808967702025247,0.0
-0.5810130384948168,0.0
-0.5828435960042522,0.0
-0.5846066867700803,0.0
-0.5841195145311052,0.0
-0.5860457030165647,0.0
-0.5877983309891597,0.0
-0.5896561481477454,0.0
-0.5891664005163935,0.0
-0.5911137893024999,0.0
-0.5906236451986006,0.0
-0.5918115709653986,0.0
-0.5929232252350194,0.0
-0.5924328007311029,0.0
-0.5934184015101371,0.0
-0.5929283780571972,0.0
-0.5924391632238167,0.0
-0.5934933939020616,0.0
-0.594576653203448,0.0
-0.5957897274447228,0.0
-0.5969951532015108,0.0
-0.5965046066499894,0.0
-0.5960148655936266,0.0
-0.5955259280500714,0.0
-0.5967939021126433,0.0
-0.5963051274180383,0.0
-0.5958171526820171,0.0
-0.5953299759422934,0.0
-0.5948435952429941,0.0
-0.5960769169284749,0.0
-0.5955907204220079,0.0
-0.5966926730992376,0.0
-0.59802384565428,0.0
-0.5994597408316318,0.0
-0.5989723751886792,0.0
-0.6001406522733722,0.0
-0.5996535251205529,0.0
-0.599167188117211,0.0
-0.6004605863917031,0.0
-0.601686784947863,0.0
-0.6011999833419182,0.0
-0.602523849627575,0.0
-0.603906971513553,0.0
-0.6034195566858583,0.0
-0.6048635751342772,0.0
-0.6062168250451614,0.0
-0.6057287277625164,0.0
-0.6071149001530737,0.0
-0.6066268656674201,0.0
-0.6081263724691974,0.0
-0.6076383095699445,0.0
-0.6071753393764338,0.0
-0.6067782537511014,0.0
-0.608223772221599,0.0
-0.6077371932038217,0.0
-0.6072513920901496,0.0
-0.6087737326930278,0.0
-0.6102488911845303,0.0
-0.6097622493255315,0.0
-0.6092763829914075,0.0
-0.6087912903297902,0.0
-0.6083069694942056,0.0
-0.6097704835660728,0.0
-0.6092861543495787,0.0
-0.6108160414464527,0.0
-0.6104516670959341,0.0
-0.6099679494516426,0.0
-0.6096364232500977,0.0
-0.6111322010976412,0.0
-0.6106490926382755,0.0
-0.6104226829693921,0.0
-0.6120413757422037,0.0
-0.6135622812429448,0.0
-0.6151565753651992,0.0
-0.616733101367697,0.0
-0.6162478668268884,0.0
-0.615763395233471,0.0
-0.6152796847894542,0.0
-0.6169713158051596,0.0
-0.6186053450172629,0.0
-0.6202592258393737,0.0
-0.6220427828392218,0.0
-0.6215560513972506,0.0
-0.6210700810677765,0.0
-0.6205848700669423,0.0
-0.6222391836315856,0.0
-0.6217538176537138,0.0
-0.6234937644639033,0.0
-0.625324115375636,0.0
-0.6269913968305159,0.0
-0.6289173849531783,0.0
-0.6306447770058338,0.0
-0.6301551459677858,0.0
-0.6299853889412849,0.0
-0.6294970281746638,0.0
-0.6294320074949409,0.0
-0.6294324064787682,0.0
-0.6294631165800794,0.0
-0.6312749376551191,0.0
-0.6331766899647585,0.0
-0.6326881277039833,0.0
-0.6346161355506972,0.0
-0.6363594102175573,0.0
-0.6381320679364634,0.0
-0.6376411971149738,0.0
-0.6396215692674059,0.0
-0.639130308461517,0.0
-0.6404004821093139,0.0
-0.6414291835029173,0.0
-0.6409376668872063,0.0
-0.6421595248706815,0.0
-0.6416682015922801,0.0
-0.6411776295727142,0.0
-0.6422335330690488,0.0
-0.6435151341763631,0.0
-0.644625469413829,0.0
-0.6459132496730945,0.0
-0.6454213126969536,0.0
-0.6449301244833333,0.0
-0.6444396833240305,0.0
-0.6457821683230379,0.0
-0.6452918249909779,0.0
-0.644802225730742,0.0
-0.6443133688499757,0.0
-0.643825252661453,0.0
-0.6450124481626904,0.0
-0.6462578008388579,0.0
-0.647622298073729,0.0
-0.649042376673046,0.0
-0.6505615629520624,0.0
-0.6500709433721589,0.0
-0.651405239903498,0.0
-0.6509543969023559,0.0
-0.6523658316036149,0.0
-0.6518753309783492,0.0
-0.6532946786164845,0.0
-0.654732219941478,0.0
-0.6542410479835324,0.0
-0.6557633813336765,0.0
-0.6573488724460995,0.0
-0.6568568448469632,0.0
-0.6584180187916724,0.0
-0.6600630133826181,0.0
-0.6595700611694869,0.0
-0.6610371886970298,0.0
-0.6605442452304399,0.0
-0.6622147185749367,0.0
-0.6617216324106963,0.0
-0.6613515707677152,0.0
-0.6610478901118619,0.0
-0.6625733744533536,0.0
-0.6620814862763281,0.0
-0.6615903279037195,0.0
-0.6632801766388434,0.0
-0.6648985344043064,0.0
-0.6644063815290996,0.0
-0.6639149566906904,0.0
-0.6634242582748068,0.0
-0.6629342846719449,0.0
-0.6646482818878887,0.0
-0.6641581282876764,0.0
-0.6659344797635677,0.0
-0.6656594500908022,0.0
-0.6651696344542379,0.0
-0.6649259478772065,0.0
-0.6665857225453949,0.0
-0.6660963057153323,0.0
-0.6659129230725622,0.0
-0.6677361785064445,0.0
-0.6694542448142252,0.0
-0.6711766163066645,0.0
-0.6729859164841087,0.0
-0.6724939677147489,0.0
-0.6720027376433721,0.0
-0.6715122246961872,0.0
-0.67332530340002,0.0
-0.6731703184286902,0.0
-0.6750552774057483,0.0
-0.6769464218966872,0.0
-0.6764540972262169,0.0
-0.6759624881439303,0.0
-0.6778718762425533,0.0
-0.6797229180377785,0.0
-0.6792300080174465,0.0
-0.6811725906106825,0.0
-0.6831061263350509,0.0
-0.6850610805561178,0.0
-0.6870506141098413,0.0
-0.6890633653528573,0.0
-0.6885658466775123,0.0
-0.6884616289268342,0.0
-0.6879652614942986,0.0
-0.6878930795247391,0.0
-0.6878772327301397,0.0
-0.6879537817822631,0.0
-0.6900383710010386,0.0
-0.6920413142493339,0.0
-0.6915445150287672,0.0
-0.693686417363268,0.0
-0.6957022778717376,0.0
-0.6977459117848818,0.0
-0.6972464515760165,0.0
-0.6994407538253111,0.0
-0.6989407961742565,0.0
-0.7004966487844904,0.0
-0.7018732018059238,0.0
-0.7013725789800993,0.0
-0.7027187135714998,0.0
-0.7022182016672466,0.0
-0.701718402235455,0.0
-0.7031194152500769,0.0
-0.7045145682903793,0.0
-0.705941260263594,0.0
-0.7075104615815426,0.0
-0.7070086811123358,0.0
-0.7065076118840493,0.0
-0.7060072523855478,0.0
-0.7076018494377759,0.0
-0.7071014238016813,0.0
-0.7066017054809733,0.0
-0.7061026929771026,0.0
-0.7075792260331016,0.0
-0.7090851932366525,0.0
-0.7105440374696838,0.0
-0.7121895748113941,0.0
-0.7138598116381629,0.0
-0.7133578005188674,0.0
-0.7148975804022233,0.0
-0.7143955455845251,0.0
-0.7159860692220886,0.0
-0.7154839752044013,0.0
-0.7170327685949395,0.0
-0.7187053107160039,0.0
-0.718202367881353,0.0
-0.7199250940651837,0.0
-0.7217007747411237,0.0
-0.721196793753176,0.0
-0.7229335361300688,0.0
-0.7247566546146051,0.0
-0.7242515977124346,0.0
-0.7258138200664556,0.0
-0.7253087304213154,0.0
-0.7271275818047791,0.0
-0.7266222811919891,0.0
-0.7261544311061261,0.0
-0.7257655786895622,0.0
-0.7274040888167084,0.0
-0.7268999972790668,0.0
-0.7263966039291505,0.0
-0.7282362974379529,0.0
-0.729958257063282,0.0
-0.729453793858677,0.0
-0.7289500274264542,0.0
-0.7284469563240206,0.0
-0.7279445791127626,0.0
-0.7298266574218948,0.0
-0.729324021982899,0.0
-0.7312814503535168,0.0
-0.7330211617812021,0.0
-0.7325173671682941,0.0
-0.7321564772501654,0.0
-0.7339479104268609,0.0
-0.7334445167983102,0.0
-0.7331118731481618,0.0
-0.7350843821174172,0.0
-0.7369783723777136,0.0
-0.7388419065963163,0.0
-0.7383368882049313,0.0
-0.7378325597293814,0.0
-0.7373289197568699,0.0
-0.7392951275330457,0.0
-0.7390490062828792,0.0
-0.7409932218356899,0.0
-0.7430358359790766,0.0
-0.7425303694239888,0.0
-0.7420255901109881,0.0
-0.7440437483183081,0.0
-0.7460201473580234,0.0
-0.7455140278550667,0.0
-0.7475730867017357,0.0
-0.7496610000007401,0.0
-0.7516931300612334,0.0
-0.7538027699329669,0.0
-0.7558865164617142,0.0
-0.7553757823289698,0.0
-0.7551466799300537,0.0
-0.7546371342620848,0.0
-0.7544665402222037,0.0
-0.7543562170571626,0.0
-0.7542746376017441,0.0
-0.7563898468559026,0.0
-0.7585663974801077,0.0
-0.7580566082344893,0.0
-0.7602158204154568,0.0
-0.7623640680588377,0.0
-0.764592196019925,0.0
-0.764079734762539,0.0
-0.7662825340214615,0.0
-0.7657696273721833,0.0
-0.767324766471639,0.0
-0.7689271918812061,0.0
-0.7684135464624477,0.0
-0.7699270629125881,0.0
-0.7694134357858952,0.0
-0.7689004934953713,0.0
-0.7705028452895991,0.0
-0.7720367123363616,0.0
-0.7736614844975496,0.0
-0.773147081914772,0.0
-0.7726333629234665,0.0
-0.7743085126928849,0.0
-0.7737947047879792,0.0
-0.7732815783259182,0.0
-0.7727691319519447,0.0
-0.7743776572462734,0.0
-0.7760413411324548,0.0
-0.7776105590883596,0.0
-0.7793244017650862,0.0
-0.7811246806807808,0.0
-0.7806090868321467,0.0
-0.7822520476120194,0.0
-0.7817363903624399,0.0
-0.7834620540015765,0.0
-0.7829462791141495,0.0
-0.7846218981954556,0.0
-0.7863962009380732,0.0
-0.7858795148664975,0.0
-0.7877097319162328,0.0
-0.789561959924158,0.0
-0.7890442143766667,0.0
-0.7909077331894736,0.0
-0.7928250641855278,0.0
-0.7923061996147257,0.0
-0.7939906029418836,0.0
-0.7934716548353856,0.0
-0.7953659738203411,0.0
-0.794846805430119,0.0
-0.7943283143633022,0.0
-0.7938339625472737,0.0
-0.7955646285997777,0.0
-0.795046682878033,0.0
-0.794529411125998,0.0
-0.7964630342449304,0.0
-0.7982428008616252,0.0
-0.7977244613805463,0.0
-0.797206794630786,0.0
-0.7966897993035287,0.0
-0.7961734740933515,0.0
-0.7980906803506733,0.0
-0.7975741168035207,0.0
-0.7995126897360713,0.0
-0.8013299704826622,0.0
-0.8008123154629706,0.0
-0.8003966536405728,0.0
-0.8022643361435923,0.0
-0.801747079962971,0.0
-0.801388270624523,0.0
-0.8033430793399957,0.0
-0.8052759740953674,0.0
-0.8072382202496143,0.0
-0.8091939974971877,0.0
-0.8086742839470932,0.0
-0.8081552375517485,0.0
-0.8101654658868039,0.0
-0.809860802851706,0.0
-0.8118846171634992,0.0
-0.8139674309759111,0.0
-0.8134466584672893,0.0
-0.812926551908167,0.0
-0.8149683281423721,0.0
-0.816922375376172,0.0
-0.8164010464831432,0.0
-0.8184262480070439,0.0
-0.8205221418923234,0.0
-0.8226355864084579,0.0
-0.8247517982811203,0.0
-0.8267917796159324,0.0
-0.8262661650071492,0.0
-0.8260033581144127,0.0
-0.8254789115378321,0.0
-0.8275393560297335,0.0
-0.8273276004165924,0.0
-0.8272000607696192,0.0
-0.8293378610986416,0.0
-0.8314850391331161,0.0
-0.8309591156422033,0.0
-0.8331415108511163,0.0
-0.8352547023616268,0.0
-0.8347312750922876,0.0
-0.8369317242394367,0.0
-0.8364040245394119,0.0
-0.8380437894405893,0.0
-0.8395995809681488,0.0
-0.8390711986012713,0.0
-0.8406225282866215,0.0
-0.8400941671751906,0.0
-0.8395664698340002,0.0
-0.8411386021193038,0.0
-0.8427591133774147,0.0
-0.8444705993446352,0.0
-0.8439414824277526,0.0
-0.8434130281494635,0.0
-0.845146830156914,0.0
-0.8446182830461217,0.0
-0.8440903966192179,0.0
-0.8435631696381941,0.0
-0.8452539520405259,0.0
-0.846966683539353,0.0
-0.8486046344470874,0.0
-0.8503839332552654,0.0
-0.8522153845132022,0.0
-0.8516850700237727,0.0
-0.8533996171945004,0.0
-0.8528692258848706,0.0
-0.8546083920627839,0.0
-0.8540779088895606,0.0
-0.855802543359478,0.0
-0.8575646074104305,0.0
-0.8570332786573881,0.0
-0.8588727605218605,0.0
-0.8606160708058905,0.0
-0.8600838407064435,0.0
-0.8619213619911118,0.0
-0.8637828353508643,0.0
-0.8632496360697836,0.0
-0.8650654254211922,0.0
-0.864532092853115,0.0
-0.866435053720899,0.0
-0.8659015345991496,0.0
-0.8653961727977161,0.0
-0.8649430065720484,0.0
-0.8668335326018032,0.0
-0.8663010795719495,0.0
-0.8657692802597506,0.0
-0.8677315831690259,0.0
-0.8696398315185175,0.0
-0.8691069639746949,0.0
-0.8685747490549308,0.0
-0.8680431855610172,0.0
-0.869956140821662,0.0
-0.8694243827893748,0.0
-0.8714112752992184,0.0
-0.8733918987944508,0.0
-0.8728590178311839,0.0
-0.8724505422349746,0.0
-0.8744948738264475,0.0
-0.8739622947315472,0.0
-0.8736040378104885,0.0
-0.8756061952489711,0.0
-0.8775676824277098,0.0
-0.8796179037965741,0.0
-0.8790838309952405,0.0
-0.8785504063405103,0.0
-0.8805796114935764,0.0
-0.8802905500708428,0.0
-0.8823406512413583,0.0
-0.8843879963826975,0.0
-0.8838529764211834,0.0
-0.8833186034003726,0.0
-0.8827848761475627,0.0
-0.884843635799552,0.0
-0.8843096323983454,0.0
-0.8864193849342241,0.0
-0.8885272085290848,0.0
-0.8906357165842685,0.0
-0.8927873704972036,0.0
-0.8949342225832241,0.0
-0.8943960781318812,0.0
-0.894181897828805,0.0
-0.8936448516439228,0.0
-0.8958310456899197,0.0
-0.8956434458963471,0.0
-0.8955040955536488,0.0
-0.8977392927721779,0.0
-0.8998997201000756,0.0
-0.899361180471051,0.0
-0.90163987074996,0.0
-0.9037980073334039,0.0
-0.9059806425792177,0.0
-0.9054639079418181,0.0
-0.9077585180613337,0.0
-0.9072172190046484,0.0
-0.9089364931311991,0.0
-0.9105381061561646,0.0
-0.9099961191882145,0.0
-0.9115932728581948,0.0
-0.9110513030170186,0.0
-0.9105099772279415,0.0
-0.9121785801647663,0.0
-0.9138438483671062,0.0
-0.9155338968129,0.0
-0.9172616641385873,0.0
-0.9167182626787895,0.0
-0.9161755046783877,0.0
-0.915633388995146,0.0
-0.9173799634720199,0.0
-0.9168377767323792,0.0
-0.9162962304968609,0.0
-0.9157553236311603,0.0
-0.917511859109617,0.0
-0.9193150973435739,0.0
-0.921017314997032,0.0
-0.9228022039341092,0.0
-0.9246361759193265,0.0
-0.9240922722864328,0.0
-0.9258129094642931,0.0
-0.9252689535832916,0.0
-0.9270348413328509,0.0
-0.9264908068015523,0.0
-0.9283300997113463,0.0
-0.9301362815247347,0.0
-0.9295913862221425,0.0
-0.9314414871667782,0.0
-0.9332992913695349,0.0
-0.9327535023102544,0.0
-0.9345932803214652,0.0
-0.936455682472387,0.0
-0.9359090066507452,0.0
-0.9378259180700179,0.0
-0.9372790808000062,0.0
-0.9391885829426283,0.0
-0.938641589009639,0.0
-0.9380952318565484,0.0
-0.9375495103720478,0.0
-0.9394803009172813,0.0
-0.9389344088191306,0.0
-0.9383891507419999,0.0
-0.9403662109291985,0.0
-0.9423395412456113,0.0
-0.9417932574535848,0.0
-0.9412476066671112,0.0
-0.9407025877865859,0.0
-0.9401581997149501,0.0
-0.9421261778371459,0.0
-0.9415815962314596,0.0
-0.9436152821783408,0.0
-0.9456527916205197,0.0
-0.9451071177649971,0.0
-0.9446070921091253,0.0
-0.9466849690176432,0.0
-0.9461396435746606,0.0
-0.9457143755528394,0.0
-0.9477630911537284,0.0
-0.9498783653722795,0.0
-0.9518992965756892,0.0
-0.9539662778324094,0.0
-0.9560603459403225,0.0
-0.9555118316856235,0.0
-0.9549639464610331,0.0
-0.9571053494794921,0.0
-0.9566986751353184,0.0
-0.9588233453661477,0.0
-0.9610022263279292,0.0
-0.9604527682225387,0.0
-0.9599039380692687,0.0
-0.9593557347922446,0.0
-0.9614282536263388,0.0
-0.9608798062483431,0.0
-0.963020062141636,0.0
-0.9652303824703089,0.0
-0.9673886293058864,0.0
-0.9696441603251964,0.0
-0.9717959971368538,0.0
-0.9712435264164804,0.0
-0.9708537676462538,0.0
-0.9703024594306681,0.0
-0.9724701531830295,0.0
-0.9721054443350072,0.0
-0.9717865331651241,0.0
-0.9739968311798708,0.0
-0.976281495941569,0.0
-0.9757289880208323,0.0
-0.978034071160491,0.0
-0.9802192628487446,0.0
-0.9796654666550447,0.0
-0.9820406302097631,0.0
-0.981486431208516,0.0
-0.9833190329500551,0.0
-0.9849566287877458,0.0
-0.9844017236447667,0.0
-0.9860823956674446,0.0
-0.9877823670858955,0.0
-0.9872268089491768,0.0
-0.9889245036948341,0.0
-0.9906911872199221,0.0
-0.9924338243156349,0.0
-0.9943010641061675,0.0
-0.9937434078727934,0.0
-0.9931863768145687,0.0
-0.992629969880779,0.0
-0.992074186023063,0.0
-0.9915190241954059,0.0
-0.9909644833541333,0.0
-0.9904105624579042,0.0
-0.9921892408474906,0.0
-0.9940292892402574,0.0
-0.9958051560410516,0.0
-0.9977273831563637,0.0
-0.9971712363430101,0.0
-0.9966157091918441,0.0
-0.9984515040827088,0.0
-0.9978958827671368,0.0
-0.999796155158526,0.0
-0.9992404040995163,0.0
-1.001212007694658,0.0
-1.003082562693526,0.0
-1.002525913102686,0.0
-1.0044149473140151,0.0
-1.0063444218112345,0.0
-1.005786890275605,0.0
-1.007732931230756,0.0
-1.009740503738999,0.0
-1.0091820189471081,0.0
-1.011185925332031,0.0
-1.0106272590749414,0.0
-1.0125686427426037,0.0
-1.0120098300258584,0.0
-1.0114516337599866,0.0
-1.013472003555488,0.0
-1.0129136167766697,0.0
-1.012355844961264,0.0
-1.0143645536635462,0.0
-1.016403327520169,0.0
-1.0158445571367054,0.0
-1.0152864007866302,0.0
-1.0147288574583564,0.0
-1.0141719261425175,0.0
-1.0161796024591871,0.0
-1.015622486449067,0.0
-1.0176512985253952,0.0
-1.0197523737580934,0.0
-1.0191942170127415,0.0
-1.0186366709421655,0.0
-1.02078196888372,0.0
-1.020224164529139,0.0
-1.019666969463858,0.0
-1.0217506105960332,0.0
-1.0211931907320966,0.0
-1.023202827613757,0.0
-1.0252309947895446,0.0
-1.0272795515984692,0.0
-1.0267203357293355,0.0
-1.0261617283649562,0.0
-1.0282727354490653,0.0
-1.027713891571104,0.0
-1.029881178993984,0.0
-1.0320286507815375,0.0
-1.0314686786432945,0.0
-1.0309093138501042,0.0
-1.030350555414413,0.0
-1.032456979869103,0.0
-1.0318979885426987,0.0
-1.0340250338409165,0.0
-1.0362270856417624,0.0
-1.0383711143164291,0.0
-1.0406332445758988,0.0
-1.0428154486440788,0.0
-1.042252677220094,0.0
-1.0416905128850238,0.0
-1.0411289546570532,0.0
-1.04337591436954,0.0
-1.0428140533494163,0.0
-1.0422817835858955,0.0
-1.044596657263619,0.0
-1.046887032761545,0.0
-1.0463244927117,0.0
-1.0487003622182072,0.0
-1.0508990431227445,0.0
-1.0531650160418393,0.0
-1.0526003163013344,0.0
-1.0549898546275605,0.0
-1.0544247823969082,0.0
-1.0562963624640513,0.0
-1.0580824978630212,0.0
-1.0575166783454475,0.0
-1.0593211405184497,0.0
-1.0611469273861158,0.0
-1.0605803780388727,0.0
-1.0623829612215707,0.0
-1.0642246299979385,0.0
-1.0660710487123306,0.0
-1.0679475491741073,0.0
-1.067378887007348,0.0
-1.0668108301222987,0.0
-1.0662433775530848,0.0
-1.0656765283358849,0.0
-1.0651102815089264,0.0
-1.0645446361124797,0.0
-1.0639795911888532,0.0
-1.065839171359395,0.0
-1.0676901913508867,0.0
-1.0695759278809363,0.0
-1.0690094152072707,0.0
-1.068443502335271,0.0
-1.070309960479218,0.0
-1.0697439583848343,0.0
-1.0716134046965728,0.0
-1.071047312036934,0.0
-1.072958237141776,0.0
-1.0748380883050979,0.0
-1.0742711905791986,0.0
-1.0762129890418104,0.0
-1.078183632875272,0.0
-1.0776158689822362,0.0
-1.079503039012485,0.0
-1.0814557332122543,0.0
-1.0808871444986832,0.0
-1.0828761849880912,0.0
-1.0823074474959757,0.0
-1.0842602433724196,0.0
-1.0836913765081109,0.0
-1.083123106252994,0.0
-1.0825554316690038,0.0
-1.084582412329395,0.0
-1.0840145681344582,0.0
-1.0834473182296258,0.0
-1.0854507965999702,0.0
-1.0875423176006165,0.0
-1.0869741136729254,0.0
-1.086406503169702,0.0
-1.0858394851617847,0.0
-1.0852730587219506,0.0
-1.0872893183666417,0.0
-1.089345206737256,0.0
-1.0913974620835136,0.0
-1.0935230882925906,0.0
-1.0929541376743324,0.0
-1.0923857787883862,0.0
-1.0945271068459195,0.0
-1.0939585213358696,0.0
-1.0933905262572945,0.0
-1.0954973078561974,0.0
-1.0949291038583466,0.0
-1.0969932609694943,0.0
-1.0991153871501924,0.0
-1.101280144693625,0.0
-1.100710123914798,0.0
-1.100140692914325,0.0
-1.1023482223302368,0.0
-1.104461813473881,0.0
-1.1066503126074572,0.0
-1.1088590378420904,0.0
-1.1110077323085055,0.0
-1.1104347525600227,0.0
-1.1126468272925798,0.0
-1.1120735934815067,0.0
-1.1143495341742748,0.0
-1.1166037188070517,0.0
-1.1188434110351482,0.0
-1.1211355832594323,0.0
-1.1234416451148437,0.0
-1.1228646334840708,0.0
-1.1222882142677033,0.0
-1.1217123865538665,0.0
-1.124033917136961,0.0
-1.1234577849395562,0.0
-1.1228953140127,0.0
-1.1252322980734628,0.0
-1.1275714869644078,0.0
-1.1269947240554745,0.0
-1.129345766586219,0.0
-1.1316329567360885,0.0
-1.1339627132575856,0.0
-1.1333838655223851,0.0
-1.1357647612428248,0.0
-1.135185584923986,0.0
-1.137119784909219,0.0
-1.1389880914975499,0.0
-1.1384081586607384,0.0
-1.140281849498244,0.0
-1.1421762970127698,0.0
-1.141595627822626,0.0
-1.1434980754627762,0.0
-1.145407258344738,0.0
-1.1448258333405021,0.0
-1.1442449983159764,0.0
-1.1436647523736254,0.0
-1.143085094617734,0.0
-1.1425060241544018,0.0
-1.141927540091539,0.0
-1.1413496415388609,0.0
-1.143308932501347,0.0
-1.1452488139049255,0.0
-1.1472022586198105,0.0
-1.1466228635396996,0.0
-1.1460440534117138,0.0
-1.1480190880983987,0.0
-1.1474401576454998,0.0
-1.1494121801631294,0.0
-1.1488331312058684,0.0
-1.1508216737287436,0.0
-1.1528017831219635,0.0
-1.1522219029493668,0.0
-1.1542263405055802,0.0
-1.1562277740725775,0.0
-1.1556470469133244,0.0
-1.1576827752579508,0.0
-1.1571019008097532,0.0
-1.1565216089838706,0.0
-1.1585811109771977,0.0
-1.1580006595187924,0.0
-1.1600576858274736,0.0
-1.1594770763751074,0.0
-1.1588970478226437,0.0
-1.1583175992987325,0.0
-1.1604090803294316,0.0
-1.1598294554141821,0.0
-1.1592504092557128,0.0
-1.1613671247334583,0.0
-1.1634739473606406,0.0
-1.1628939503779085,0.0
-1.1623145313692498,0.0
-1.1617356894711575,0.0
-1.1611574238218438,0.0
-1.163228117639123,0.0
-1.165379238134546,0.0
-1.1675029756226913,0.0
-1.169663091257479,0.0
-1.1690823250751268,0.0
-1.1685021353356355,0.0
-1.1707024389234004,0.0
-1.1701220212541275,0.0
-1.1695421788253595,0.0
-1.1716977607173582,0.0
-1.1711177123209633,0.0
-1.1732744681317808,0.0
-1.1754821712093328,0.0
-1.1776561546983988,0.0
-1.1770743087721645,0.0
-1.1764930375085731,0.0
-1.1786840059017907,0.0
-1.1809274075530738,0.0
-1.183152592563851,0.0
-1.185357520137883,0.0
-1.184773600177224,0.0
-1.1870563546948185,0.0
-1.1864721734179018,0.0
-1.1887419071875702,0.0
-1.1881574716383136,0.0
-1.1904460735399878,0.0
-1.1927589617569014,0.0
-1.1950151660253496,0.0
-1.1973370780820751,0.0
-1.1967498602899798,0.0
-1.1961632182016024,0.0
-1.1955771509707345,0.0
-1.1979583940180059,0.0
-1.1973720218231856,0.0
-1.1997877031662936,0.0
-1.2020697598031431,0.0
-1.2014822379264065,0.0
-1.2039128741554284,0.0
-1.206225530577004,0.0
-1.2085567987716193,0.0
-1.2079672588697794,0.0
-1.2104297094326109,0.0
-1.2098398314065715,0.0
-1.2118310704288136,0.0
-1.213687958748723,0.0
-1.2130973563357066,0.0
-1.2149399283095426,0.0
-1.2143492914946132,0.0
-1.2162671659230064,0.0
-1.2156764582173614,0.0
-1.2176101222748361,0.0
-1.2170193361893074,0.0
-1.2164291231261701,0.0
-1.215839482252139,0.0
-1.215250412735544,0.0
-1.2146619137463257,0.0
-1.2140739844560322,0.0
-1.2134866240378146,0.0
-1.212899831666423,0.0
-1.21484615434962,0.0
-1.216695684653549,0.0
-1.2187039664253547,0.0
-1.218115788835381,0.0
-1.2175281787105208,0.0
-1.2194284372555797,0.0
-1.2188407609002758,0.0
-1.2207588714349702,0.0
-1.2201711204135766,0.0
-1.2221425105662636,0.0
-1.2240768200243042,0.0
-1.2234883215531387,0.0
-1.225482974258547,0.0
-1.2274687009673295,0.0
-1.2268794217061834,0.0
-1.2289264940077396,0.0
-1.228337080821165,0.0
-1.2277482327479048,0.0
-1.229771965234561,0.0
-1.2291829939868433,0.0
-1.231185984123325,0.0
-1.2305968999203953,0.0
-1.230008379164814,0.0
-1.2294204210485784,0.0
-1.231499645755307,0.0
-1.2309115370419568,0.0
-1.2303239897689058,0.0
-1.2323407080845992,0.0
-1.234435770760605,0.0
-1.2338473838345991,0.0
-1.2332595575440635,0.0
-1.23267229108809,0.0
-1.234699353845948,0.0
-1.2367686833277296,0.0
-1.238830028792085,0.0
-1.2409762387188645,0.0
-1.2403867013132974,0.0
-1.2397977237723128,0.0
-1.2392093052987616,0.0
-1.238621445097007,0.0
-1.2380341423729213,0.0
-1.2401081790238344,0.0
-1.2395207284416347,0.0
-1.2416403253439163,0.0
-1.243772402440884,0.0
-1.2459086691806551,0.0
-1.2453195870675673,0.0
-1.2447310617428662,0.0
-1.2468789202487103,0.0
-1.24908572949344,0.0
-1.2512660252352985,0.0
-1.253456435740451,0.0
-1.2528654614661745,0.0
-1.255060817066678,0.0
-1.2544696438132314,0.0
-1.2567085927353225,0.0
-1.2561172004563883,0.0
-1.2583723480841322,0.0
-1.2605721436702264,0.0
-1.2627949196012556,0.0
-1.2650110402787913,0.0
-1.2673135115326715,0.0
-1.2667188078670062,0.0
-1.2661246620847046,0.0
-1.2655310734011205,0.0
-1.2678684404670488,0.0
-1.2673100627373175,0.0
-1.2667895413659962,0.0
-1.2691438032261135,0.0
-1.2713889035626558,0.0
-1.2707945188485077,0.0
-1.273202709973724,0.0
-1.2754256478023716,0.0
-1.277683308535217,0.0
-1.2770870960720648,0.0
-1.2795242388902874,0.0
-1.2789277240936021,0.0
-1.2809318247873671,0.0
-1.2827346918286913,0.0
-1.2821375155289572,0.0
-1.2839568435424036,0.0
-1.28583128370145,0.0
-1.285233500677879,0.0
-1.2870664686830604,0.0
-1.2864686672577548,0.0
-1.2883178157161725,0.0
-1.2877199884234969,0.0
-1.2871227157015936,0.0
-1.2865259967791542,0.0
-1.2859298308863,0.0
-1.2853342172545787,0.0
-1.284739155116961,0.0
-1.284144643707837,0.0
-1.2835506822630138,0.0
-1.2854118255057256,0.0
-1.2873249388294221,0.0
-1.2867303314673761,0.0
-1.2861362731425992,0.0
-1.285542763095002,0.0
-1.287417697314709,0.0
-1.2868241437428718,0.0
-1.2887380131992616,0.0
-1.2881443982691836,0.0
-1.290094086446988,0.0
-1.2920577605510577,0.0
-1.291463437754116,0.0
-1.2908696614608959,0.0
-1.290276430917945,0.0
-1.2922551543949319,0.0
-1.2916618324691307,0.0
-1.2910690551251798,0.0
-1.2930569842723396,0.0
-1.292464110827006,0.0
-1.2944570973041265,0.0
-1.2938641256608356,0.0
-1.29327169703187,0.0
-1.2926798106716724,0.0
-1.2920884658360494,0.0
-1.2914976617821692,0.0
-1.2935226682139005,0.0
-1.2929317487674803,0.0
-1.2923413689735226,0.0
-1.2917515280931147,0.0
-1.2911622253886927,0.0
-1.2905734601240375,0.0
-1.2899852315642728,0.0
-1.2920244416202906,0.0
-1.2914534098202985,0.0
-1.2934537775591828,0.0
-1.292865309052559,0.0
-1.292277375760584,0.0
-1.2916899769534202,0.0
-1.2911588823318403,0.0
-1.2905725249829156,0.0
-1.2925762167790225,0.0
-1.2919897484411011,0.0
-1.294080205274187,0.0
-1.2961199562287387,0.0
-1.2982253761917806,0.0
-1.2976374118003895,0.0
-1.29712392440146,0.0
-1.2991754335665477,0.0
-1.301263780038388,0.0
-1.303264615527649,0.0
-1.3052822336394365,0.0
-1.3073575004133569,0.0
-1.309457629524785,0.0
-1.3088667190421477,0.0
-1.3110005953167294,0.0
-1.3104095220095533,0.0
-1.3125910411021349,0.0
-1.3147123603828081,0.0
-1.3168324408417829,0.0
-1.318967759092424,0.0
-1.3212015533491053,0.0
-1.3206074879024554,0.0
-1.320046838089376,0.0
-1.319561318873275,0.0
-1.3218259254235154,0.0
-1.3212839254962898,0.0
-1.3207788032818988,0.0
-1.323058903382923,0.0
-1.3252361404132276,0.0
-1.3246423966227199,0.0
-1.3269554072288814,0.0
-1.3290967659448658,0.0
-1.331286152975975,0.0
-1.330690765608812,0.0
-1.3330348222393587,0.0
-1.3324391855895645,0.0
-1.3343675503433972,0.0
-1.3337718505441367,0.0
-1.3331766823823588,0.0
-1.334927891345193,0.0
-1.3367342102374584,0.0
-1.3361385176304008,0.0
-1.337889770013442,0.0
-1.3372940933571582,0.0
-1.3390810812436202,0.0
-1.3384854046060564,0.0
-1.3378902576942706,0.0
-1.337295639801962,0.0
-1.3367015502240847,0.0
-1.336107988256845,0.0
-1.3355149531976984,0.0
-1.334922444345348,0.0
-1.3343304609997404,0.0
-1.3361314499699288,0.0
-1.3379441388103774,0.0
-1.3373516037621886,0.0
-1.3367595933134226,0.0
-1.3361681067677087,0.0
-1.3380004449999796,0.0
-1.3374089328669114,0.0
-1.3392700491839304,0.0
-1.3386784988088491,0.0
-1.340524667425056,0.0
-1.3423994630763165,0.0
-1.341807315099662,0.0
-1.3412156892993534,0.0
-1.3430924280750227,0.0
-1.342500757401862,0.0
-1.3444570532196736,0.0
-1.3438653027561087,0.0
-1.3432740729704702,0.0
-1.3451624652033531,0.0
-1.3445711849988682,0.0
-1.3464526446002603,0.0
-1.345861317132276,0.0
-1.3452705088280037,0.0
-1.3446802190040335,0.0
-1.346600707939548,0.0
-1.3460103525217753,0.0
-1.345420514505771,0.0
-1.3473324845590682,0.0
-1.346742584171783,0.0
-1.3461532001086882,0.0
-1.3455643316921928,0.0
-1.344975978245891,0.0
-1.3443881390945598,0.0
-1.3438008135641557,0.0
-1.3457430375927029,0.0
-1.347733851063793,0.0
-1.3471458345493674,0.0
-1.3465583309145879,0.0
-1.3459713394887316,0.0
-1.3454113613499608,0.0
-1.3448253807918815,0.0
-1.3468688349264668,0.0
-1.346282730124497,0.0
-1.3482671308758516,0.0
-1.3503015726429888,0.0
-1.3523932809210126,0.0
-1.351805794699935,0.0
-1.35126266040581,0.0
-1.353314366039748,0.0
-1.3554138110848726,0.0
-1.3573455217133652,0.0
-1.359312899320011,0.0
-1.361311856582447,0.0
-1.3633663051411682,0.0
-1.3627761032774708,0.0
-1.3648825319175166,0.0
-1.3642921848016354,0.0
-1.3664347420826242,0.0
-1.3685246080092364,0.0
-1.3706239061336958,0.0
-1.372746406588971,0.0
-1.3749001032658303,0.0
-1.3743069625827993,0.0
-1.3737143334484383,0.0
-1.3731822021493467,0.0
-1.3753661398130614,0.0
-1.374773820200739,0.0
-1.3741820105493396,0.0
-1.3736350332510217,0.0
-1.3757800967824434,0.0
-1.3751886178070425,0.0
-1.3773838817813973,0.0
-1.3794857590699743,0.0
-1.3816199758760064,0.0
-1.3810270059292784,0.0
-1.3832646116398597,0.0
-1.3826714449967894,0.0
-1.3820787868549134,0.0
-1.381486636560631,0.0
-1.3808949934614616,0.0
-1.3826333905936348,0.0
-1.382041763126543,0.0
-1.3837560816096512,0.0
-1.383164480035641,0.0
-1.385016401744641,0.0
-1.3844247672287313,0.0
-1.38383363795152,0.0
-1.3832430132660947,0.0
-1.3826528925266466,0.0
-1.382063275088469,0.0
-1.381474160307954,0.0
-1.3808855475425905,0.0
-1.3802974361509626,0.0
-1.3820214335739054,0.0
-1.3837669302958173,0.0
-1.3831783437665548,0.0
-1.3825902577360418,0.0
-1.3820026715661584,0.0
-1.3837586134592332,0.0
-1.383171030183879,0.0
-1.3849276535610398,0.0
-1.3843400728849424,0.0
-1.3861273279641613,0.0
-1.3878996182220054,0.0
-1.3873115251634367,0.0
-1.386723930277726,0.0
-1.3885114052889738,0.0
-1.3879237999545306,0.0
-1.38979227333839,0.0
-1.3892046233285218,0.0
-1.388617470064224,0.0
-1.3904304537890138,0.0
-1.3898432787662989,0.0
-1.391675781583674,0.0
-1.3910885766125416,0.0
-1.3905018669640334,0.0
-1.3899156520116878,0.0
-1.3917592722393943,0.0
-1.391173021492874,0.0
-1.3905872644311927,0.0
-1.3924614514100504,0.0
-1.3943197105031637,0.0
-1.3937333691614886,0.0
-1.393147520750744,0.0
-1.3925621646495883,0.0
-1.3919773002377236,0.0
-1.3913929268958942,0.0
-1.3932983095537157,0.0
-1.3952567758444343,0.0
-1.394671762521229,0.0
-1.3940872395696275,0.0
-1.3935032063733268,0.0
-1.3953995233596157,0.0
-1.3948154297960496,0.0
-1.3967850034852005,0.0
-1.398695059219544,0.0
-1.4006973400118103,0.0
-1.4001120089044088,0.0
-1.3995447853489646,0.0
-1.4014865909560157,0.0
-1.4034454337515292,0.0
-1.402859932944791,0.0
-1.4047160550739974,0.0
-1.4065868921039368,0.0
-1.4085077208141745,0.0
-1.4079210870279129,0.0
-1.4099248886098277,0.0
-1.4093381533253457,0.0
-1.4113739710018365,0.0
-1.4133769816877708,0.0
-1.4153418965641336,0.0
-1.4173766074039997,0.0
-1.4194545000927328,0.0
-1.418865270329307,0.0
-1.4182765295532367,0.0
-1.417740104145576,0.0
-1.4198663255989972,0.0
-1.4192779019248989,0.0
-1.4186899657600585,0.0
-1.418102516498874,0.0
-1.4201639494878355,0.0
-1.4195763764843239,0.0
-1.4190171416159814,0.0
-1.4209850076167319,0.0
-1.422969805831679,0.0
-1.4223820446562014,0.0
-1.4245145455212143,0.0
-1.4239266319654895,0.0
-1.4233392034869559,0.0
-1.422752259485518,0.0
-1.4221657993620695,0.0
-1.4215798225184924,0.0
-1.4232493918034312,0.0
-1.4226634513374767,0.0
-1.4242640821481758,0.0
-1.4236782063430962,0.0
-1.4254085445751186,0.0
-1.4248226799863084,0.0
-1.4242372967981465,0.0
-1.4236523944175312,0.0
-1.4230679722523352,0.0
-1.4224840297114028,0.0
-1.4219005662045483,0.0
-1.4213175811425538,0.0
-1.4207350739371674,0.0
-1.4223777963807656,0.0
-1.4240719009754612,0.0
-1.4234889816545542,0.0
-1.4229065393543683,0.0
-1.4223245734896017,0.0
-1.423998619966645,0.0
-1.4234166834648196,0.0
-1.4251072512003629,0.0
-1.4245253372554056,0.0
-1.4262687610997051,0.0
-1.4279898951547711,0.0
-1.4274075175466332,0.0
-1.4268256147673641,0.0
-1.4285795992835768,0.0
-1.4279976931331557,0.0
-1.4297432933818928,0.0
-1.4291613872795803,0.0
-1.4309318108394105,0.0
-1.4303498946902282,0.0
-1.4321330173329978,0.0
-1.4315510859972265,0.0
-1.4309696273920285,0.0
-1.4303886409416056,0.0
-1.4322074653839405,0.0
-1.4316264481566041,0.0
-1.4310459021516746,0.0
-1.4328547316787739,0.0
-1.4347226805724103,0.0
-1.434141585926573,0.0
-1.4335609618027159,0.0
-1.4329808076295867,0.0
-1.432401122836856,0.0
-1.4318219068551186,0.0
-1.4336569035921065,0.0
-1.4355204691683845,0.0
-1.434940695150142,0.0
-1.434361389257873,0.0
-1.4337825509248392,0.0
-1.4355259880614852,0.0
-1.434947146937267,0.0
-1.4368390562622417,0.0
-1.438625909220948,0.0
-1.4404983935524258,0.0
-1.4399184827659715,0.0
-1.4393390387085203,0.0
-1.4411533188031016,0.0
-1.4429963000212442,0.0
-1.4424163175855444,0.0
-1.4443005394456672,0.0
-1.4462141746495127,0.0
-1.4481013626696855,0.0
-1.4475202626044086,0.0
-1.4494595918344797,0.0
-1.4488784131689485,0.0
-1.4508478313128552,0.0
-1.452770744956545,0.0
-1.4546936033382873,0.0
-1.4566293652514846,0.0
-1.4586410073112555,0.0
-1.458057550908331,0.0
-1.4574745610838975,0.0
-1.4569228253897333,0.0
-1.458946947904463,0.0
-1.4583643013597727,0.0
-1.457800414285573,0.0
-1.4572547606264927,0.0
-1.4592185379759632,0.0
-1.4586367124026076,0.0
-1.4581069621481997,0.0
-1.4600537169271317,0.0
-1.4620347537433334,0.0
-1.4614527335388177,0.0
-1.4634968836848394,0.0
-1.462914744908513,0.0
-1.4623330690656071,0.0
-1.4617518556041342,0.0
-1.4611711039729844,0.0
-1.4627750950424536,0.0
-1.4621943982996817,0.0
-1.4638177903102951,0.0
-1.4632371406513065,0.0
-1.4649246274357772,0.0
-1.4643439993630718,0.0
-1.4637638313760026,0.0
-1.4631841229279328,0.0
-1.462604873473092,0.0
-1.4620260824665732,0.0
-1.4614477493643316,0.0
-1.4608698736231833,0.0
-1.4602924547008025,0.0
-1.461926282624557,0.0
-1.4635730430024294,0.0
-1.4629952407746354,0.0
-1.4624178945864843,0.0
-1.4618410038982845,0.0
-1.4635052477231192,0.0
-1.4629283832186954,0.0
-1.4645870762580704,0.0
-1.4640102400720687,0.0
-1.4656875808436853,0.0
-1.467358286604585,0.0
-1.4667810410158342,0.0
-1.4684802207439975,0.0
-1.4701982672645797,0.0
-1.4696205862165388,0.0
-1.469043358963508,0.0
-1.468466584970982,0.0
-1.4678902637052946,0.0
-1.4695749615244331,0.0
-1.468998657617953,0.0
-1.470720731123055,0.0
-1.470144429896126,0.0
-1.4695685801390181,0.0
-1.4689931813214225,0.0
-1.4707188981791863,0.0
-1.4701434995492257,0.0
-1.4695685509768561,0.0
-1.4713027372262946,0.0
-1.4730575642377859,0.0
-1.4724821511267554,0.0
-1.4719071873816845,0.0
-1.4713326724763833,0.0
-1.4707586058854833,0.0
-1.4701849870844361,0.0
-1.471930945692135,0.0
-1.4713573171084668,0.0
-1.4731167076161467,0.0
-1.4725430640384145,0.0
-1.471969867049688,0.0
-1.471397116128657,0.0
-1.473110609409077,0.0
-1.47490640264605,0.0
-1.4766946215899055,0.0
-1.4761380226215601,0.0
-1.475564765137047,0.0
-1.4749919527282205,0.0
-1.4744872330076415,0.0
-1.4762299415933768,0.0
-1.475657537583453,0.0
-1.4774890465802408,0.0
-1.4792935756904722,0.0
-1.4787206502157664,0.0
-1.478148168353507,0.0
-1.4799017639616465,0.0
-1.4793292681148529,0.0
-1.4811257156097484,0.0
-1.482965808799959,0.0
-1.4847903960349171,0.0
-1.4866796921832632,0.0
-1.4885185054106431,0.0
-1.48794400965402,0.0
-1.487486858779668,0.0
-1.4869132039941764,0.0
-1.4887812094380886,0.0
-1.4883565125811737,0.0
-1.4879636343050966,0.0
-1.4875853532188477,0.0
-1.4894673396428635,0.0
-1.4888942471689723,0.0
-1.4908067923610164,0.0
-1.492639548302303,0.0
-1.4944862345156993,0.0
-1.4939120945869573,0.0
-1.495853785427459,0.0
-1.4952795613255674,0.0
-1.4947057779175377,0.0
-1.4941324346962421,0.0
-1.493559531155331,0.0
-1.4929870667892307,0.0
-1.494491969026924,0.0
-1.4939195860437655,0.0
-1.4954061397449565,0.0
-1.4969238648614391,0.0
-1.498519576033885,0.0
-1.4979465283948663,0.0
-1.4973739188656634,0.0
-1.4968017469440487,0.0
-1.4962300121285619,0.0
-1.4956587139185091,0.0
-1.49508785181396,0.0
-1.4945174253157478,0.0
-1.4960319518207361,0.0
-1.4975734451417209,0.0
-1.4970027235543957,0.0
-1.4964324368025654,0.0
-1.4958625843894646,0.0
-1.4952931658190842,0.0
-1.4947241805961697,0.0
-1.4962498775273458,0.0
-1.4956809612241035,0.0
-1.4972203688316006,0.0
-1.4987711940179007,0.0
-1.4982019683460368,0.0
-1.4997851476335067,0.0
-1.5013691875551631,0.0
-1.5007996241304458,0.0
-1.5002304926840557,0.0
-1.4996617927247367,0.0
-1.4990935237619762,0.0
-1.5007027194823774,0.0
-1.5001344867222555,0.0
-1.501742748570305,0.0
-1.5011745522976714,0.0
-1.5006127798361175,0.0
-1.5000671801354595,0.0
-1.5016764973200523,0.0
-1.5011091847030065,0.0
-1.5005423005698106,0.0
-1.5021899014001234,0.0
-1.5016230372863875,0.0
-1.5010566008332429,0.0
-1.5004905915569104,0.0
-1.499925008974341,0.0
-1.4994144474662225,0.0
-1.5010896801404325,0.0
-1.5005245108331506,0.0
-1.502156312079489,0.0
-1.501591166740106,0.0
-1.5011093621372014,0.0
-1.5005450353093304,0.0
-1.5021699196656932,0.0
-1.503814746282298,0.0
-1.5054879220928419,0.0
-1.5050544439295215,0.0
-1.5067682681847716,0.0
-1.5062030887893534,0.0
-1.5056383332255028,0.0
-1.5052386723109694,0.0
-1.5068712744018757,0.0
-1.506306903138055,0.0
-1.5079902426504928,0.0
-1.509688120482473,0.0
-1.5091233288174963,0.0
-1.5085589595845803,0.0
-1.510217686387462,0.0
-1.5096791325456638,0.0
-1.5113844792328033,0.0
-1.5131043362693295,0.0
-1.514810433084537,0.0
-1.5165703912944872,0.0
-1.5162165436235704,0.0
-1.5156512130703923,0.0
-1.5153432655993597,0.0
-1.5147786816702988,0.0
-1.5144990733256223,0.0
-1.5140082092508713,0.0
-1.513758254152346,0.0
-1.5135578637937481,0.0
-1.5153019796067089,0.0
-1.5147386703206098,0.0
-1.5145527086223127,0.0
-1.516280236419376,0.0
-1.5180480434977566,0.0
-1.5175720404811897,0.0
-1.5174294757201838,0.0
